profile,round,stdin_bytes,ciphertext_bytes,updates,elapsed_us,replay_us,feed_rows,feed_json_bytes,feed_ciphertext_bytes,storage_before_bytes,storage_after_bytes,operation_p50_us,operation_p95_us,block_device,write_bytes,write_operations
no_feed,0,1024,1972,16,15662,1498,0,0,0,1707379,1792885,894,1866,259:0,442368,49
native_feed,0,1024,1972,16,27882,7110,16,72576,31552,1716804,1954027,1321,7617,259:0,663552,49
native_feed,1,1024,1972,16,16918,6520,16,72576,31552,1716786,1954432,973,1933,259:0,671744,51
no_feed,1,1024,1972,16,22188,1175,0,0,0,1707514,1793034,958,7623,259:0,442368,49
no_feed,2,1024,1972,16,19924,1033,0,0,0,1707286,1793024,1155,2390,259:0,446464,52
native_feed,2,1024,1972,16,18254,6014,16,72576,31552,1716784,1954192,1065,2083,259:0,663552,49
no_feed,0,65536,116660,16,29548,1584,0,0,0,1937557,3858678,1743,3146,259:0,2506752,51
native_feed,0,65536,116660,16,40395,18474,16,1907584,1866560,2177575,7938517,2433,4070,259:0,8392704,98
native_feed,1,65536,116660,16,36245,26345,16,1907584,1866560,2177564,7938482,2173,3399,259:0,8392704,98
no_feed,1,65536,116660,16,31486,1154,0,0,0,1937805,3858982,1905,2790,259:0,2519040,52
no_feed,2,65536,116660,16,30729,1012,0,0,0,1937704,3858675,1577,6540,259:0,2506752,49
native_feed,2,65536,116660,16,148501,19077,16,1907584,1866560,2177728,7938531,9147,16540,259:0,8384512,97
no_feed,0,1048576,1864288,16,274964,1082,0,0,0,5433511,35323106,13000,61382,259:0,35860480,324
native_feed,0,1048576,1864288,16,302003,256426,16,29869632,29828608,9169093,98830653,18525,29287,259:0,138616832,1128
native_feed,1,1048576,1864288,16,317705,239821,16,29869632,29828608,9169019,98830711,18988,25886,259:0,138620928,1128
no_feed,1,1048576,1864288,16,226740,1165,0,0,0,5433444,35322934,13745,21722,259:0,35856384,325
no_feed,2,1048576,1864288,16,286606,1665,0,0,0,5433341,35322842,13732,48663,259:0,35848192,326
native_feed,2,1048576,1864288,16,1678074,265192,16,29869632,29828608,9169215,98830809,18968,506847,259:0,138616832,1127
