profile,round,writers,operations,domain_rows,event_rows,elapsed_us,operation_p50_us,operation_p95_us,client_conflicts
shared_sequence,0,1,64,1,64,155208,2174,2606,0
independent_event,0,1,64,1,64,119549,1271,1739,0
changefeed_only,0,1,64,1,0,57013,855,1062,0
independent_event,1,1,64,1,64,112714,1199,1551,0
changefeed_only,1,1,64,1,0,68309,1050,1113,0
shared_sequence,1,1,64,1,64,178992,2207,2740,0
changefeed_only,2,1,64,1,0,70074,1102,1266,0
shared_sequence,2,1,64,1,64,211973,2246,6817,0
independent_event,2,1,64,1,64,98619,1459,1901,0
shared_sequence,0,8,512,8,512,711537,11003,12403,0
independent_event,0,8,512,8,512,189034,2609,5063,0
changefeed_only,0,8,512,8,0,107308,1608,1927,0
independent_event,1,8,512,8,512,184857,2555,4772,0
changefeed_only,1,8,512,8,0,126527,1932,2460,0
shared_sequence,1,8,512,8,512,759294,11039,13464,0
changefeed_only,2,8,512,8,0,147825,2380,3011,0
shared_sequence,2,8,512,8,512,778661,11939,13661,0
independent_event,2,8,512,8,512,183248,2538,4895,0
