profile,writers,round,operations,event_rows,conflicts,client_attempts,elapsed_us,operation_p50_us,operation_p95_us
shared_sequence,1,0,64,64,0,64,178962,2221.5,2694
independent_event,1,0,64,64,0,64,63627,970.5,1027
changefeed_only,1,0,64,0,0,64,100521,1253.5,1351
independent_event,1,1,64,64,0,64,73751,997.5,1303
changefeed_only,1,1,64,0,0,64,102097,1091.0,1482
shared_sequence,1,1,64,64,0,64,158380,1858.5,2558
changefeed_only,1,2,64,0,0,64,90081,876.5,1438
shared_sequence,1,2,64,64,0,64,177261,2067.5,2944
independent_event,1,2,64,64,0,64,130347,1591.0,1889
shared_sequence,8,0,512,512,0,512,1624715,24975.0,34080
independent_event,8,0,512,512,0,512,326247,3775.0,7792
changefeed_only,8,0,512,0,0,512,181656,1689.0,2574
independent_event,8,1,512,512,0,512,243354,2472.5,5422
changefeed_only,8,1,512,0,0,512,298005,3905.5,7176
shared_sequence,8,1,512,512,0,512,985357,12202.5,44703
changefeed_only,8,2,512,0,0,512,242954,2816.0,3561
shared_sequence,8,2,512,512,0,512,999344,11703.0,43316
independent_event,8,2,512,512,0,512,314987,4071.0,9045
