profile,round,writers,operations,domain_rows,event_rows,elapsed_us,operation_p50_us,operation_p95_us,client_conflicts,storage_before_bytes,storage_after_bytes,block_device,write_bytes,write_operations
shared_sequence,0,8,512,8,512,989299,12138,44103,0,1595631,2817746,259:0,8634368,1835
independent_event,0,8,512,8,512,198773,2689,5336,0,1595547,2675132,259:0,3862528,662
changefeed_only,0,8,512,8,0,178348,1948,3349,0,1595501,1759101,259:0,1818624,379
independent_event,1,8,512,8,512,202157,2665,5305,0,1595488,2673977,259:0,3821568,659
changefeed_only,1,8,512,8,0,114912,1733,2146,0,1595450,1759217,259:0,1667072,341
shared_sequence,1,8,512,8,512,738928,11285,12819,0,1595363,2816641,259:0,8622080,1832
changefeed_only,2,8,512,8,0,116477,1755,2241,0,1595547,1758887,259:0,1687552,346
shared_sequence,2,8,512,8,512,758572,11221,13757,0,1595440,2816599,259:0,8630272,1834
independent_event,2,8,512,8,512,211715,2768,5904,0,1595460,2675190,259:0,3813376,649
