variant,phase,method,policy_ms,audit_commit_ms,upstream_ms,request_ms
before,sequential,resources/list,0.0,3.289201,0.0,10.534003
before,sequential,resources/list,0.0,3.897292,0.0,15.286349
before,sequential,resources/list,0.0,4.628023,0.0,16.653253
before,sequential,resources/list,0.0,4.432516,0.0,14.430432999999999
before,sequential,resources/list,0.0,2.975943,0.0,12.926912
before,sequential,resources/list,0.0,2.777571,0.0,12.609577
before,sequential,resources/list,0.0,2.95826,0.0,12.523916
before,sequential,resources/list,0.0,2.668616,0.0,13.482846
before,sequential,resources/list,0.0,3.054812,0.0,11.584274
before,sequential,resources/list,0.0,2.917223,0.0,12.431803
before,sequential,resources/list,0.0,3.028602,0.0,10.490591
before,sequential,resources/list,0.0,3.368199,0.0,12.131259
before,sequential,resources/list,0.0,2.799552,0.0,12.016684999999999
before,sequential,resources/list,0.0,3.10782,0.0,11.942896
before,sequential,resources/list,0.0,3.781013,0.0,16.186998000000003
before,sequential,resources/list,0.0,2.954523,0.0,13.686979000000001
before,sequential,resources/list,0.0,3.196096,0.0,13.807715
before,sequential,resources/list,0.0,3.93903,0.0,14.744342000000001
before,sequential,resources/list,0.0,2.927783,0.0,14.561098
before,sequential,resources/list,0.0,2.944313,0.0,13.827672
before,sequential,resources/list,0.0,16.987571,0.0,29.966970999999997
before,sequential,resources/list,0.0,3.84866,0.0,16.829815
before,sequential,resources/list,0.0,3.104324,0.0,13.780554
before,sequential,resources/list,0.0,3.867045,0.0,15.327817000000001
before,sequential,resources/list,0.0,3.994815,0.0,14.15147
before,sequential,resources/list,0.0,3.111958,0.0,13.427000999999999
before,sequential,resources/list,0.0,3.231894,0.0,11.888384
before,sequential,resources/list,0.0,4.117845,0.0,14.762446
before,sequential,resources/list,0.0,2.677734,0.0,9.672286
before,sequential,resources/list,0.0,3.228817,0.0,11.345125
before,sequential,resources/list,0.0,2.799974,0.0,11.411239
before,sequential,resources/list,0.0,2.823648,0.0,10.940505
before,sequential,resources/list,0.0,2.990801,0.0,11.495878
before,sequential,resources/list,0.0,3.068346,0.0,12.46693
before,sequential,resources/list,0.0,3.202659,0.0,12.819892
before,sequential,resources/list,0.0,3.21436,0.0,12.380127
before,sequential,resources/list,0.0,2.968118,0.0,10.109306
before,sequential,resources/list,0.0,3.340096,0.0,13.265898
before,sequential,resources/list,0.0,3.317775,0.0,11.671367
before,sequential,resources/list,0.0,3.16618,0.0,12.402127
before,sequential,resources/list,0.0,3.335368,0.0,10.387829
before,sequential,resources/list,0.0,2.928524,0.0,11.977642
before,sequential,resources/list,0.0,3.290113,0.0,10.849915
before,sequential,resources/list,0.0,3.364121,0.0,12.549024000000001
before,sequential,resources/list,0.0,3.134821,0.0,12.624165
before,sequential,resources/list,0.0,2.754237,0.0,9.862994
before,sequential,resources/list,0.0,3.320099,0.0,12.901966000000002
before,sequential,resources/list,0.0,3.015217,0.0,13.230241
before,sequential,resources/list,0.0,3.286486,0.0,12.782932
before,sequential,resources/list,0.0,3.342601,0.0,14.316970999999999
before,sequential,resources/list,0.0,3.005959,0.0,11.800168999999999
before,sequential,resources/list,0.0,6.658122,0.0,19.212234000000002
before,sequential,resources/list,0.0,2.98512,0.0,13.146204
before,sequential,resources/list,0.0,2.961116,0.0,12.426362999999998
before,sequential,resources/list,0.0,2.746823,0.0,9.503079
before,sequential,resources/list,0.0,2.667785,0.0,9.453335000000001
before,sequential,resources/list,0.0,2.80871,0.0,11.744284
before,sequential,resources/list,0.0,2.640714,0.0,9.348229
before,sequential,resources/list,0.0,3.101599,0.0,10.389542
before,sequential,resources/list,0.0,2.678225,0.0,9.544637
before,sequential,resources/list,0.0,3.315339,0.0,12.489061
before,sequential,resources/list,0.0,2.607262,0.0,9.453787
before,sequential,resources/list,0.0,3.256129,0.0,12.492888
before,sequential,resources/list,0.0,2.756301,0.0,9.624787
before,sequential,resources/list,0.0,3.573604,0.0,13.609783
before,sequential,resources/list,0.0,10.944934,0.0,17.936742
before,sequential,resources/list,0.0,3.76333,0.0,12.840489999999999
before,sequential,resources/list,0.0,36.062538,0.0,43.844918
before,sequential,resources/list,0.0,3.469309,0.0,11.979675
before,sequential,resources/list,0.0,3.191087,0.0,12.721618000000001
before,sequential,resources/list,0.0,3.035225,0.0,9.944526999999999
before,sequential,resources/list,0.0,4.187967,0.0,15.201219
before,sequential,resources/list,0.0,3.015367,0.0,13.018093
before,sequential,resources/list,0.0,4.07738,0.0,16.956211
before,sequential,resources/list,0.0,3.340256,0.0,14.601845
before,sequential,resources/list,0.0,3.541865,0.0,14.24178
before,sequential,resources/list,0.0,3.347911,0.0,12.531601
before,sequential,resources/list,0.0,3.655999,0.0,15.034126
before,sequential,resources/list,0.0,3.284011,0.0,14.529869000000001
before,sequential,resources/list,0.0,3.967965,0.0,15.604786
before,sequential,resources/list,0.0,3.694872,0.0,14.722921
before,sequential,resources/list,0.0,4.125159,0.0,16.354101999999997
before,sequential,resources/list,0.0,3.183603,0.0,16.156011000000003
before,sequential,resources/list,0.0,3.220432,0.0,13.076834
before,sequential,resources/list,0.0,2.828106,0.0,9.840000999999999
before,sequential,resources/list,0.0,2.920549,0.0,10.035537000000001
before,sequential,resources/list,0.0,3.017592,0.0,10.693102
before,sequential,resources/list,0.0,3.308077,0.0,13.424566
before,sequential,resources/list,0.0,3.242944,0.0,13.604414
before,sequential,resources/list,0.0,3.260097,0.0,13.021661
before,sequential,resources/list,0.0,3.242534,0.0,11.663923
before,sequential,resources/list,0.0,3.252091,0.0,15.667583999999998
before,sequential,resources/list,0.0,3.408795,0.0,10.779063
before,sequential,resources/list,0.0,3.255117,0.0,12.528665
before,sequential,resources/list,0.0,3.558136,0.0,13.542498
before,sequential,resources/list,0.0,3.107029,0.0,12.559443
before,sequential,resources/list,0.0,3.281166,0.0,12.724052
before,sequential,resources/list,0.0,3.232946,0.0,12.494250000000001
before,sequential,resources/list,0.0,3.314308,0.0,13.459942000000002
before,sequential,resources/list,0.0,3.278331,0.0,13.122399
before,concurrent8,resources/list,0.0,4.767715,0.0,22.57329
before,concurrent8,resources/list,0.0,5.374594,0.0,21.703087999999997
before,concurrent8,resources/list,0.0,13.039353,0.0,25.854816999999997
before,concurrent8,resources/list,0.0,3.079968,0.0,26.35231
before,concurrent8,resources/list,0.0,5.369374,0.0,22.012848
before,concurrent8,resources/list,0.0,6.110404,0.0,23.389982
before,concurrent8,resources/list,0.0,7.633311,0.0,31.788007999999998
before,concurrent8,resources/list,0.0,5.628009,0.0,26.324769
before,concurrent8,resources/list,0.0,3.741289,0.0,12.688726
before,concurrent8,resources/list,0.0,3.292857,0.0,14.020734
before,concurrent8,resources/list,0.0,5.808949,0.0,17.481988
before,concurrent8,resources/list,0.0,4.825813,0.0,19.564085
before,concurrent8,resources/list,0.0,6.297846,0.0,20.99019
before,concurrent8,resources/list,0.0,6.615691,0.0,22.405826
before,concurrent8,resources/list,0.0,7.74503,0.0,23.907874999999997
before,concurrent8,resources/list,0.0,9.887661,0.0,25.842793999999998
before,concurrent8,resources/list,0.0,4.280761,0.0,52.639528
before,concurrent8,resources/list,0.0,7.390245,0.0,50.442095
before,concurrent8,resources/list,0.0,6.223035,0.0,52.554288
before,concurrent8,resources/list,0.0,7.524597,0.0,54.507773
before,concurrent8,resources/list,0.0,14.404976,0.0,55.570567000000004
before,concurrent8,resources/list,0.0,9.001107,0.0,56.785546
before,concurrent8,resources/list,0.0,10.688573,0.0,58.997717
before,concurrent8,resources/list,0.0,12.412076,0.0,60.595795
before,concurrent8,resources/list,0.0,3.550752,0.0,15.777491000000001
before,concurrent8,resources/list,0.0,4.023839,0.0,18.346821
before,concurrent8,resources/list,0.0,8.431418,0.0,24.38574
before,concurrent8,resources/list,0.0,6.567661,0.0,26.100267
before,concurrent8,resources/list,0.0,6.629448,0.0,27.845992
before,concurrent8,resources/list,0.0,8.22445,0.0,29.392844
before,concurrent8,resources/list,0.0,8.349254,0.0,30.817287
before,concurrent8,resources/list,0.0,10.515799,0.0,33.209745
before,concurrent8,resources/list,0.0,3.076532,0.0,11.795720000000001
before,concurrent8,resources/list,0.0,10.206058,0.0,25.81928
before,concurrent8,resources/list,0.0,10.310284,0.0,26.808636
before,concurrent8,resources/list,0.0,9.823289,0.0,27.214668
before,concurrent8,resources/list,0.0,11.148105,0.0,28.9481
before,concurrent8,resources/list,0.0,12.716217,0.0,30.719473
before,concurrent8,resources/list,0.0,9.797011,0.0,32.534088000000004
before,concurrent8,resources/list,0.0,11.540281,0.0,34.253423999999995
before,concurrent8,resources/list,0.0,4.588147,0.0,18.595547
before,concurrent8,resources/list,0.0,5.443272,0.0,23.554982
before,concurrent8,resources/list,0.0,7.504108,0.0,28.892385
before,concurrent8,resources/list,0.0,11.127006,0.0,31.123822
before,concurrent8,resources/list,0.0,10.733868,0.0,32.302794000000006
before,concurrent8,resources/list,0.0,10.536678,0.0,34.283590000000004
before,concurrent8,resources/list,0.0,14.665945,0.0,36.039494999999995
before,concurrent8,resources/list,0.0,12.768815,0.0,37.97755
before,concurrent8,resources/list,0.0,8.544651,0.0,19.616152
before,concurrent8,resources/list,0.0,4.248211,0.0,20.054274
before,concurrent8,resources/list,0.0,7.229884,0.0,24.693709000000002
before,concurrent8,resources/list,0.0,9.207875,0.0,26.295974
before,concurrent8,resources/list,0.0,6.605042,0.0,27.046252
before,concurrent8,resources/list,0.0,6.344212,0.0,28.276961
before,concurrent8,resources/list,0.0,9.554686,0.0,32.462173
before,concurrent8,resources/list,0.0,11.007411,0.0,34.218628
before,concurrent8,resources/list,0.0,3.857016,0.0,16.636752
before,concurrent8,resources/list,0.0,7.791377,0.0,21.980899
before,concurrent8,resources/list,0.0,10.476926,0.0,26.293029
before,concurrent8,resources/list,0.0,4.787502,0.0,27.808251
before,concurrent8,resources/list,0.0,6.161048,0.0,30.924568
before,concurrent8,resources/list,0.0,8.396562,0.0,33.101541999999995
before,concurrent8,resources/list,0.0,4.614127,0.0,33.651424
before,concurrent8,resources/list,0.0,6.156931,0.0,34.918471
before,concurrent8,resources/list,0.0,38.311898,0.0,50.984243
before,concurrent8,resources/list,0.0,7.118084,0.0,56.939465
before,concurrent8,resources/list,0.0,7.955185,0.0,59.274595999999995
before,concurrent8,resources/list,0.0,9.220359,0.0,60.65746
before,concurrent8,resources/list,0.0,8.599944,0.0,62.867858
before,concurrent8,resources/list,0.0,10.273805,0.0,64.14834
before,concurrent8,resources/list,0.0,22.264952,0.0,73.949889
before,concurrent8,resources/list,0.0,21.947967,0.0,76.31736000000001
before,concurrent8,resources/list,0.0,3.929943,0.0,16.997179000000003
before,concurrent8,resources/list,0.0,5.234491,0.0,21.128187999999998
before,concurrent8,resources/list,0.0,12.989209,0.0,28.592794
before,concurrent8,resources/list,0.0,11.445474,0.0,29.794386999999997
before,concurrent8,resources/list,0.0,12.470716,0.0,31.20788
before,concurrent8,resources/list,0.0,16.646661,0.0,32.602366
before,concurrent8,resources/list,0.0,7.205679,0.0,33.626688
before,concurrent8,resources/list,0.0,6.299739,0.0,35.613365
before,concurrent8,resources/list,0.0,3.691747,0.0,16.820026
before,concurrent8,resources/list,0.0,3.926757,0.0,17.006065
before,concurrent8,resources/list,0.0,5.281068,0.0,24.487161
before,concurrent8,resources/list,0.0,9.024511,0.0,27.725215000000002
before,concurrent8,resources/list,0.0,8.316172,0.0,29.048568
before,concurrent8,resources/list,0.0,9.436765,0.0,30.187345
before,concurrent8,resources/list,0.0,10.677773,0.0,31.785342
before,concurrent8,resources/list,0.0,10.705846,0.0,33.69163
before,concurrent8,resources/list,0.0,3.601977,0.0,12.089532
before,concurrent8,resources/list,0.0,3.200034,0.0,14.547272
before,concurrent8,resources/list,0.0,6.612666,0.0,19.135158999999998
before,concurrent8,resources/list,0.0,5.94894,0.0,21.370093
before,concurrent8,resources/list,0.0,7.118364,0.0,22.607314
before,concurrent8,resources/list,0.0,7.307199,0.0,24.172431
before,concurrent8,resources/list,0.0,8.727624,0.0,25.675048999999998
before,concurrent8,resources/list,0.0,10.301987,0.0,27.295239
before,concurrent8,resources/list,0.0,3.327853,0.0,11.456303
before,concurrent8,resources/list,0.0,4.833087,0.0,15.071565999999999
before,concurrent8,resources/list,0.0,7.247216,0.0,18.97506
before,concurrent8,resources/list,0.0,7.960646,0.0,19.489194
before,concurrent8,resources/list,0.0,7.814551,0.0,20.699595000000002
before,concurrent8,resources/list,0.0,9.030852,0.0,22.11521
before,concurrent8,resources/list,0.0,6.578983,0.0,23.535085000000002
before,concurrent8,resources/list,0.0,7.146087,0.0,24.972541
before,concurrent8,resources/list,0.0,3.214771,0.0,11.183031
before,concurrent8,resources/list,0.0,5.308068,0.0,17.252307000000002
before,concurrent8,resources/list,0.0,9.406317,0.0,19.379618
before,concurrent8,resources/list,0.0,8.516999,0.0,21.137918
before,concurrent8,resources/list,0.0,7.927703,0.0,22.629666
before,concurrent8,resources/list,0.0,9.480516,0.0,24.131984
before,concurrent8,resources/list,0.0,7.41964,0.0,25.692792
before,concurrent8,resources/list,0.0,7.948262,0.0,27.191244
before,concurrent8,resources/list,0.0,4.496626,0.0,12.871868999999998
before,concurrent8,resources/list,0.0,30.673487,0.0,43.635245000000005
before,concurrent8,resources/list,0.0,30.918427,0.0,45.069475
before,concurrent8,resources/list,0.0,32.362987,0.0,46.780916999999995
before,concurrent8,resources/list,0.0,32.932074,0.0,48.942781999999994
before,concurrent8,resources/list,0.0,33.834507,0.0,49.679625
before,concurrent8,resources/list,0.0,35.892949,0.0,51.312969
before,concurrent8,resources/list,0.0,6.51365,0.0,52.286837000000006
before,concurrent8,resources/list,0.0,2.965644,0.0,11.460832
before,concurrent8,resources/list,0.0,5.406763,0.0,16.453088
before,concurrent8,resources/list,0.0,7.432254,0.0,18.297438
before,concurrent8,resources/list,0.0,8.846787,0.0,19.780139
before,concurrent8,resources/list,0.0,5.096562,0.0,21.37954
before,concurrent8,resources/list,0.0,6.011929,0.0,22.675242
before,concurrent8,resources/list,0.0,5.216016,0.0,23.996019
before,concurrent8,resources/list,0.0,7.540537,0.0,25.786308000000002
before,sequential,resources/read,0.029545,7.814411,32.243192,48.362714000000004
before,sequential,resources/read,0.045786,8.622067,38.784274,61.346362
before,sequential,resources/read,0.024896,8.519203,39.206386,61.751182
before,sequential,resources/read,0.029586,8.859261,38.997745,61.996102
before,sequential,resources/read,0.024415,8.610774,30.719754,53.485475
before,sequential,resources/read,0.030567,9.001619,39.610574,61.684287
before,sequential,resources/read,0.031399,8.995277,40.193017,64.27095
before,sequential,resources/read,0.030688,9.360231,41.245652,66.304916
before,sequential,resources/read,0.032251,8.871444,40.084302,63.892379999999996
before,sequential,resources/read,0.03718,8.647253,30.566506,53.996183
before,sequential,resources/read,0.035707,9.120431,38.852532,60.07618
before,sequential,resources/read,0.027321,9.16277,39.068146,62.50061899999999
before,sequential,resources/read,0.026309,9.30189,39.223989,62.70194599999999
before,sequential,resources/read,0.025929,9.25308,39.112109,62.97188200000001
before,sequential,resources/read,0.026871,9.217022,23.600547,46.999947
before,sequential,resources/read,0.022262,7.827044,34.535021,54.531497
before,sequential,resources/read,0.049894,8.513112,23.620414,43.496424
before,sequential,resources/read,0.022312,7.562028,35.241908,54.699653
before,sequential,resources/read,0.027281,9.423399,38.855768,62.413916
before,sequential,resources/read,0.031069,9.330876,39.281246,62.946024
before,sequential,resources/read,0.031629,6.962943,28.610647,46.072056
before,sequential,resources/read,0.056767,42.280172,76.26911,133.224224
before,sequential,resources/read,0.02659,8.189884,31.232917,52.461334
before,sequential,resources/read,0.021761,8.495268,35.090984,58.463905
before,sequential,resources/read,0.029716,8.415779,26.221975,46.965964
before,sequential,resources/read,0.02139,15.635725,35.367784,63.014874
before,sequential,resources/read,0.027372,8.221895,35.143093,57.568055
before,sequential,resources/read,0.021841,7.543272,33.671862,53.252928999999995
before,sequential,resources/read,0.040256,8.925605,31.042369,51.043243000000004
before,sequential,resources/read,0.018585,7.026963,29.633707,46.463561
before,sequential,resources/read,0.021199,8.094256,33.468391,56.916011000000005
before,sequential,resources/read,0.021891,7.195619,30.256154,45.630508
before,sequential,resources/read,0.02122,8.199163,33.058011,52.537226
before,sequential,resources/read,0.0317,8.709801,37.051723,59.341221
before,sequential,resources/read,0.029525,8.910759,33.980672,54.369673999999996
before,sequential,resources/read,0.016761,8.36311,30.449617,48.582847
before,sequential,resources/read,0.020688,8.3044,34.681938,54.709651
before,sequential,resources/read,0.030146,8.244508,32.213456,55.08657899999999
before,sequential,resources/read,0.034054,8.834995,34.3955,57.241773
before,sequential,resources/read,0.020488,8.73091,36.593423,57.198942
before,sequential,resources/read,0.034335,8.84752,35.004723,58.18383
before,sequential,resources/read,0.018264,8.293159,34.162303,55.638214
before,sequential,resources/read,0.033323,8.981541,34.20892,57.464219
before,sequential,resources/read,0.030798,8.898404,26.102752,48.912074
before,sequential,resources/read,0.023985,7.100582,28.224091,44.038581
before,sequential,resources/read,0.021791,6.790871,30.721006,45.142873
before,sequential,resources/read,0.023364,8.349044,31.717065,53.252187
before,sequential,resources/read,0.020168,6.770281,26.756919,41.647265000000004
before,sequential,resources/read,0.028915,36.676831,28.40992,78.516927
before,sequential,resources/read,0.022994,9.021967,32.998589,55.538687
before,sequential,resources/read,0.018435,7.826685,31.361759,52.867947
before,sequential,resources/read,0.048381,9.319214,31.411181,54.492885
before,sequential,resources/read,0.030567,6.929641,28.283844,48.110730999999994
before,sequential,resources/read,0.023183,8.577432,30.031953,49.542576999999994
before,sequential,resources/read,0.023194,7.683595,28.305885,46.898126
before,sequential,resources/read,0.023043,8.867706,29.412171,49.308859
before,sequential,resources/read,0.014958,7.230084,29.340947,49.787717
before,sequential,resources/read,0.024786,8.440305,35.452023,56.855588
before,sequential,resources/read,0.018605,7.114338,24.916306,45.679279
before,sequential,resources/read,0.018434,8.26148,38.887257,60.830135
before,sequential,resources/read,0.01563,7.672324,34.050243,55.169024
before,sequential,resources/read,0.013946,7.715385,37.865811,58.81263
before,sequential,resources/read,0.022983,9.223986,33.476786,56.634332
before,sequential,resources/read,0.021932,8.850956,32.147112,54.225454
before,sequential,resources/read,0.019496,7.993227,24.181658,42.875119000000005
before,sequential,resources/read,0.023855,8.474239,37.209469,57.011851
before,sequential,resources/read,0.023213,9.280381,38.381538,61.35015
before,sequential,resources/read,0.017824,7.395224,37.214108,57.926556
before,sequential,resources/read,0.022993,8.844344,37.752178,60.2414
before,sequential,resources/read,0.016471,6.995144,29.448268,45.918008
before,sequential,resources/read,0.031048,8.559839,32.489033,54.563958
before,sequential,resources/read,0.023384,9.174492,38.392349,61.157359
before,sequential,resources/read,0.017202,8.358231,38.234903,60.041815
before,sequential,resources/read,0.018104,6.209401,25.072398,41.008317000000005
before,sequential,resources/read,0.01601,6.323674,27.414333,43.354879
before,sequential,resources/read,0.019186,35.583268,38.783122,82.28070799999999
before,sequential,resources/read,0.023364,9.192567,38.339359,61.130528000000005
before,sequential,resources/read,0.015329,7.876236,38.167377,59.382058
before,sequential,resources/read,0.023283,8.54386,35.310567,57.143799
before,sequential,resources/read,0.014798,7.528414,26.634229,47.258833
before,sequential,resources/read,0.017833,7.135537,29.025104,47.411460000000005
before,sequential,resources/read,0.015258,8.158506,33.504598,52.759533
before,sequential,resources/read,0.030908,9.019472,29.078836,51.781547999999994
before,sequential,resources/read,0.026991,8.325479,38.294856,57.378198
before,sequential,resources/read,0.018094,8.483526,38.204166,59.953429
before,sequential,resources/read,0.017212,7.857722,27.309716,48.615549
before,sequential,resources/read,0.024907,8.784261,29.152483,46.936930000000004
before,sequential,resources/read,0.018104,8.221594,28.967286,48.765620000000006
before,sequential,resources/read,0.023053,9.312761,38.314963,58.611192
before,sequential,resources/read,0.0157,7.443725,37.278919,57.78432
before,sequential,resources/read,0.019637,8.408976,38.111171,59.799561000000004
before,sequential,resources/read,0.020639,7.95763,29.282236,48.649162000000004
before,sequential,resources/read,0.015089,7.949683,28.390745,46.860085000000005
before,sequential,resources/read,0.014557,6.786192,28.999206,44.125123
before,sequential,resources/read,0.020789,8.355907,33.657866,55.18326
before,sequential,resources/read,0.015088,7.747085,32.34894,52.943889
before,sequential,resources/read,0.018004,7.860127,29.155589,50.017348000000005
before,sequential,resources/read,0.016902,5.998955,23.870824,37.490757
before,sequential,resources/read,0.019026,7.404833,19.019673,36.883557999999994
before,sequential,resources/read,0.030037,9.010124,31.46415,52.060171000000004
before,concurrent8,resources/read,0.025598,56.743838,32.044559,112.497608
before,concurrent8,resources/read,0.039905,58.842896,29.992029,105.673175
before,concurrent8,resources/read,0.017703,55.99335,35.48771,109.412991
before,concurrent8,resources/read,0.020438,60.494585,42.012991,120.484222
before,concurrent8,resources/read,0.022071,60.840082,43.759538,121.067747
before,concurrent8,resources/read,0.018645,54.055424,41.175159,121.047269
before,concurrent8,resources/read,0.017573,55.238123,40.372062,115.702241
before,concurrent8,resources/read,0.014968,57.240981,49.920797,126.94132699999999
before,concurrent8,resources/read,0.025928,12.996684,29.546924,57.860853
before,concurrent8,resources/read,0.014427,16.045624,24.942074,60.716029999999996
before,concurrent8,resources/read,0.015319,14.800207,30.246105,67.33075
before,concurrent8,resources/read,0.018985,18.89572,28.896463,69.1911
before,concurrent8,resources/read,0.009779,20.136628,26.153386,69.49991
before,concurrent8,resources/read,0.012804,19.90793,25.654621,70.195795
before,concurrent8,resources/read,0.038282,16.83782,24.071521,71.51516
before,concurrent8,resources/read,0.010059,19.706512,31.731793,77.492164
before,concurrent8,resources/read,0.016701,10.677502,36.462257,56.196512
before,concurrent8,resources/read,0.016251,16.318034,26.87992,55.637262
before,concurrent8,resources/read,0.008426,19.616834,30.901825,67.196719
before,concurrent8,resources/read,0.016892,20.003799,26.227997,67.408816
before,concurrent8,resources/read,0.016761,19.445973,30.966557,68.30031
before,concurrent8,resources/read,0.013235,20.8413,29.639307,68.777615
before,concurrent8,resources/read,0.015259,18.310783,33.777751,68.872482
before,concurrent8,resources/read,0.012624,20.964962,37.833591,69.00057299999999
before,concurrent8,resources/read,0.019237,11.703166,29.340416,50.675103
before,concurrent8,resources/read,0.022452,46.748476,29.120163,90.078959
before,concurrent8,resources/read,0.011101,49.718367,29.429002,93.973956
before,concurrent8,resources/read,0.014988,47.393516,35.83983,98.932849
before,concurrent8,resources/read,0.009929,52.860141,30.934577,102.568651
before,concurrent8,resources/read,0.013085,49.146825,35.750001,103.152376
before,concurrent8,resources/read,0.010149,53.775448,30.560415,104.08120799999999
before,concurrent8,resources/read,0.009688,51.687171,35.503438,104.952463
before,concurrent8,resources/read,0.026129,12.537772,30.449757,58.031033
before,concurrent8,resources/read,0.015399,23.134352,27.517546,67.966593
before,concurrent8,resources/read,0.010049,25.304043,22.127815,68.733271
before,concurrent8,resources/read,0.026981,19.330387,33.015782,68.921525
before,concurrent8,resources/read,0.013014,26.541715,25.418608,73.53665299999999
before,concurrent8,resources/read,0.013886,25.269078,30.935278,75.621876
before,concurrent8,resources/read,0.009628,22.853646,23.824066,75.797735
before,concurrent8,resources/read,0.018975,25.621198,26.924444,77.16506
before,concurrent8,resources/read,0.028925,16.375262,29.384068,57.369332
before,concurrent8,resources/read,0.01608,16.035054,32.071981,59.710913999999995
before,concurrent8,resources/read,0.013285,23.822253,32.414293,69.621849
before,concurrent8,resources/read,0.014036,24.652632,31.11246,70.058378
before,concurrent8,resources/read,0.009608,27.984072,24.904424,73.226461
before,concurrent8,resources/read,0.014648,32.299187,23.360818,77.57006
before,concurrent8,resources/read,0.014557,29.351136,27.680361,79.99350700000001
before,concurrent8,resources/read,0.011912,29.455491,29.378567,80.641853
before,concurrent8,resources/read,0.02667,20.734441,27.517426,72.81513000000001
before,concurrent8,resources/read,0.008617,23.414709,34.041826,79.277233
before,concurrent8,resources/read,0.042279,13.889408,61.708332,84.69144100000001
before,concurrent8,resources/read,0.020228,19.465149,35.815624,80.943149
before,concurrent8,resources/read,0.050345,18.533521,37.005276,82.02046
before,concurrent8,resources/read,0.021851,22.764358,37.80157,82.968067
before,concurrent8,resources/read,0.013716,22.368034,38.152378,83.376164
before,concurrent8,resources/read,0.025799,21.014315,39.270686,84.49955100000001
before,concurrent8,resources/read,0.018444,38.965093,31.786876,82.467358
before,concurrent8,resources/read,0.009158,17.801528,29.744293,85.07976000000001
before,concurrent8,resources/read,0.013646,26.191999,20.213743,88.585397
before,concurrent8,resources/read,0.014197,21.547335,25.607272,92.433015
before,concurrent8,resources/read,0.035316,21.546473,29.166249,92.835059
before,concurrent8,resources/read,0.020228,21.419304,28.497314,93.44334
before,concurrent8,resources/read,0.011241,20.42516,31.747362,94.682485
before,concurrent8,resources/read,0.011321,24.184573,28.266451,98.869461
before,concurrent8,resources/read,0.026249,17.546009,30.957079,59.348655
before,concurrent8,resources/read,0.018755,23.651103,25.687533,74.039206
before,concurrent8,resources/read,0.01082,20.861629,30.684598,74.593706
before,concurrent8,resources/read,0.018896,23.20245,25.773434,76.198557
before,concurrent8,resources/read,0.019105,20.236146,37.777264,82.709232
before,concurrent8,resources/read,0.018195,21.362058,36.02657,83.024744
before,concurrent8,resources/read,0.01083,17.307561,43.617161,83.91802
before,concurrent8,resources/read,0.017583,20.548892,42.429142,84.331766
before,concurrent8,resources/read,0.034164,12.368023,40.804564,71.545568
before,concurrent8,resources/read,0.023875,15.969922,35.168109,71.22379500000001
before,concurrent8,resources/read,0.020719,25.295708,28.75598,74.293905
before,concurrent8,resources/read,0.018465,25.983017,28.954542,76.18969100000001
before,concurrent8,resources/read,0.020298,26.177011,30.234805,79.19324599999999
before,concurrent8,resources/read,0.009688,23.331522,30.496756,84.519298
before,concurrent8,resources/read,0.013195,21.563917,34.368379,85.018665
before,concurrent8,resources/read,0.012072,24.308045,30.038145,84.955316
before,concurrent8,resources/read,0.022322,8.335938,29.388777,48.169531
before,concurrent8,resources/read,0.01627,44.830357,33.733137,93.058849
before,concurrent8,resources/read,0.010149,47.945782,43.002808,107.324713
before,concurrent8,resources/read,0.014587,48.943504,42.624689,108.283402
before,concurrent8,resources/read,0.012894,46.805704,47.064869,108.98080999999999
before,concurrent8,resources/read,0.012764,47.741118,46.451298,109.24158
before,concurrent8,resources/read,0.011041,50.899964,41.390303,109.163303
before,concurrent8,resources/read,0.024626,50.434671,40.553032,109.877883
before,concurrent8,resources/read,0.02665,10.283802,45.997136,69.272543
before,concurrent8,resources/read,0.026089,13.488044,45.695981,75.600034
before,concurrent8,resources/read,0.016811,26.218268,32.722972,78.56227200000001
before,concurrent8,resources/read,0.013034,24.18251,44.515025,88.139139
before,concurrent8,resources/read,0.010529,20.443604,49.585919,89.194168
before,concurrent8,resources/read,0.009508,25.160785,46.284104,89.184551
before,concurrent8,resources/read,0.018354,22.046893,45.572669,89.550226
before,concurrent8,resources/read,0.013665,19.796289,52.036667,89.657237
before,concurrent8,resources/read,0.036678,9.479024,35.659752,56.555915
before,concurrent8,resources/read,0.023494,17.495513,47.224549,83.781183
before,concurrent8,resources/read,0.02138,25.518656,49.221445,96.662129
before,concurrent8,resources/read,0.014207,27.666385,47.684552,97.178328
before,concurrent8,resources/read,0.013465,24.022299,41.167345,97.23118699999999
before,concurrent8,resources/read,0.024706,21.119012,47.993832,98.756338
before,concurrent8,resources/read,0.013896,24.87571,47.730588,99.733602
before,concurrent8,resources/read,0.013345,23.684013,45.979974,99.98599499999999
before,concurrent8,resources/read,0.018916,8.199663,39.522348,60.064969000000005
before,concurrent8,resources/read,0.019196,23.158147,39.968766,80.90667
before,concurrent8,resources/read,0.035296,19.916927,58.646437,94.01277900000001
before,concurrent8,resources/read,0.018725,22.824922,55.994723,94.010575
before,concurrent8,resources/read,0.018214,24.366855,50.243643,94.196564
before,concurrent8,resources/read,0.017834,22.514109,54.609704,94.24564600000001
before,concurrent8,resources/read,0.017773,24.909012,51.591081,94.228023
before,concurrent8,resources/read,0.018104,26.351719,49.489749,95.58054
before,concurrent8,resources/read,0.017944,36.776406,24.853549,71.39857199999999
before,concurrent8,resources/read,0.018144,20.824439,24.915013,89.843316
before,concurrent8,resources/read,0.019818,20.757875,33.562768,94.79118
before,concurrent8,resources/read,0.016832,18.934263,32.242411,95.060234
before,concurrent8,resources/read,0.017913,23.476564,25.564141,96.665886
before,concurrent8,resources/read,0.017924,24.036255,27.140368,97.221469
before,concurrent8,resources/read,0.013315,23.369313,31.537889,98.274555
before,concurrent8,resources/read,0.01104,21.836948,31.251571,99.564855
before,concurrent8,resources/read,0.024376,11.100245,24.208478,43.822877000000005
before,concurrent8,resources/read,0.019317,16.240278,32.358198,61.636307
before,concurrent8,resources/read,0.012614,18.205857,29.781414,62.056395
before,concurrent8,resources/read,0.011401,19.055079,27.880096,62.69509299999999
before,concurrent8,resources/read,0.01091,19.075087,29.431557,62.555690999999996
before,concurrent8,resources/read,0.016762,20.306266,26.408326,63.209228
before,concurrent8,resources/read,0.01019,21.731371,25.726596,63.843658
before,concurrent8,resources/read,0.01056,20.556146,25.551728,65.736399
after,sequential,resources/list,0.0,2.582034,0.0,12.582006
after,sequential,resources/list,0.0,2.402056,0.0,12.498890000000001
after,sequential,resources/list,0.0,3.427621,0.0,12.880055
after,sequential,resources/list,0.0,3.11297,0.0,16.350096
after,sequential,resources/list,0.0,3.72037,0.0,16.507379999999998
after,sequential,resources/list,0.0,3.484858,0.0,17.140358000000003
after,sequential,resources/list,0.0,2.900051,0.0,13.619121
after,sequential,resources/list,0.0,3.4006,0.0,16.989144
after,sequential,resources/list,0.0,2.983688,0.0,13.480722
after,sequential,resources/list,0.0,3.278761,0.0,16.749595
after,sequential,resources/list,0.0,2.20125,0.0,10.503256
after,sequential,resources/list,0.0,2.927252,0.0,11.073505
after,sequential,resources/list,0.0,2.955205,0.0,14.862224
after,sequential,resources/list,0.0,3.142355,0.0,16.750577
after,sequential,resources/list,0.0,3.282258,0.0,16.161672
after,sequential,resources/list,0.0,2.210056,0.0,11.818463
after,sequential,resources/list,0.0,2.705587,0.0,12.53648
after,sequential,resources/list,0.0,3.414757,0.0,17.269861000000002
after,sequential,resources/list,0.0,2.927733,0.0,16.591088
after,sequential,resources/list,0.0,3.359082,0.0,14.984252999999999
after,sequential,resources/list,0.0,30.003962,0.0,47.067737
after,sequential,resources/list,0.0,3.02229,0.0,15.086134
after,sequential,resources/list,0.0,2.475153,0.0,16.63489
after,sequential,resources/list,0.0,3.527247,0.0,15.157969
after,sequential,resources/list,0.0,3.11811,0.0,13.34117
after,sequential,resources/list,0.0,2.674167,0.0,15.712899999999998
after,sequential,resources/list,0.0,2.596782,0.0,12.836884
after,sequential,resources/list,0.0,2.772882,0.0,13.951505
after,sequential,resources/list,0.0,2.57455,0.0,12.848676
after,sequential,resources/list,0.0,2.829409,0.0,12.302461000000001
after,sequential,resources/list,0.0,3.665206,0.0,18.719521
after,sequential,resources/list,0.0,2.538352,0.0,15.623441999999999
after,sequential,resources/list,0.0,3.616856,0.0,14.589872999999999
after,sequential,resources/list,0.0,4.016996,0.0,23.748406
after,sequential,resources/list,0.0,3.705993,0.0,17.487098
after,sequential,resources/list,0.0,2.607432,0.0,14.933988000000001
after,sequential,resources/list,0.0,3.426639,0.0,17.289718
after,sequential,resources/list,0.0,3.531646,0.0,17.679419
after,sequential,resources/list,0.0,3.238696,0.0,13.722626
after,sequential,resources/list,0.0,2.874473,0.0,16.989555
after,sequential,resources/list,0.0,3.465843,0.0,14.264092000000002
after,sequential,resources/list,0.0,3.581139,0.0,15.886885999999999
after,sequential,resources/list,0.0,2.361881,0.0,15.104087
after,sequential,resources/list,0.0,3.636372,0.0,15.418968
after,sequential,resources/list,0.0,3.597109,0.0,17.462381999999998
after,sequential,resources/list,0.0,3.588903,0.0,18.443603
after,sequential,resources/list,0.0,3.663733,0.0,15.078159000000001
after,sequential,resources/list,0.0,3.567764,0.0,14.74284
after,sequential,resources/list,0.0,3.991749,0.0,13.726533000000002
after,sequential,resources/list,0.0,2.418557,0.0,14.889675
after,sequential,resources/list,0.0,3.521717,0.0,12.740844
after,sequential,resources/list,0.0,2.883851,0.0,13.742082
after,sequential,resources/list,0.0,3.620232,0.0,14.448808
after,sequential,resources/list,0.0,3.803115,0.0,19.139128
after,sequential,resources/list,0.0,4.132924,0.0,16.627005
after,sequential,resources/list,0.0,3.662191,0.0,17.652488
after,sequential,resources/list,0.0,3.688219,0.0,16.911208000000002
after,sequential,resources/list,0.0,2.786629,0.0,16.289161
after,sequential,resources/list,0.0,2.599107,0.0,13.166863
after,sequential,resources/list,0.0,3.485589,0.0,17.531542
after,sequential,resources/list,0.0,2.84083,0.0,17.290280000000003
after,sequential,resources/list,0.0,3.859411,0.0,18.112632
after,sequential,resources/list,0.0,2.769406,0.0,17.168440999999998
after,sequential,resources/list,0.0,3.944891,0.0,19.467664
after,sequential,resources/list,0.0,2.505571,0.0,16.697638
after,sequential,resources/list,0.0,3.789129,0.0,19.284902
after,sequential,resources/list,0.0,3.80538,0.0,17.948974999999997
after,sequential,resources/list,0.0,3.660307,0.0,18.561996
after,sequential,resources/list,0.0,3.250749,0.0,18.409268
after,sequential,resources/list,0.0,3.804728,0.0,19.067443
after,sequential,resources/list,0.0,3.108272,0.0,16.176129
after,sequential,resources/list,0.0,3.648595,0.0,63.978424000000004
after,sequential,resources/list,0.0,2.828537,0.0,15.458051000000001
after,sequential,resources/list,0.0,3.592641,0.0,18.133281
after,sequential,resources/list,0.0,3.378779,0.0,15.233500000000001
after,sequential,resources/list,0.0,3.609081,0.0,18.015420000000002
after,sequential,resources/list,0.0,3.523541,0.0,18.086453
after,sequential,resources/list,0.0,2.387479,0.0,15.323780000000001
after,sequential,resources/list,0.0,2.924136,0.0,14.079986
after,sequential,resources/list,0.0,4.255053,0.0,14.916034999999999
after,sequential,resources/list,0.0,3.974907,0.0,17.126711999999998
after,sequential,resources/list,0.0,2.892386,0.0,15.474623
after,sequential,resources/list,0.0,3.60269,0.0,18.977885999999998
after,sequential,resources/list,0.0,2.880273,0.0,16.168775
after,sequential,resources/list,0.0,3.487573,0.0,15.452651
after,sequential,resources/list,0.0,3.106488,0.0,17.137202000000002
after,sequential,resources/list,0.0,3.654566,0.0,17.916264
after,sequential,resources/list,0.0,3.790661,0.0,18.041268
after,sequential,resources/list,0.0,4.516043,0.0,17.525389999999998
after,sequential,resources/list,0.0,3.473647,0.0,17.328982
after,sequential,resources/list,0.0,3.621655,0.0,15.818107000000001
after,sequential,resources/list,0.0,3.790662,0.0,16.794628999999997
after,sequential,resources/list,0.0,3.047698,0.0,15.611780000000001
after,sequential,resources/list,0.0,3.056103,0.0,14.872864
after,sequential,resources/list,0.0,2.981735,0.0,15.749749
after,sequential,resources/list,0.0,3.601907,0.0,19.111326000000002
after,sequential,resources/list,0.0,2.477999,0.0,14.179904
after,sequential,resources/list,0.0,3.403736,0.0,15.666422999999998
after,sequential,resources/list,0.0,3.226223,0.0,12.516743
after,sequential,resources/list,0.0,3.665638,0.0,16.430506
after,concurrent8,resources/list,0.0,5.121439,0.0,20.983529
after,concurrent8,resources/list,0.0,37.51308,0.0,57.647025
after,concurrent8,resources/list,0.0,40.66302,0.0,65.174628
after,concurrent8,resources/list,0.0,40.571919,0.0,62.849565999999996
after,concurrent8,resources/list,0.0,39.954991,0.0,63.180817
after,concurrent8,resources/list,0.0,8.242895,0.0,60.508994
after,concurrent8,resources/list,0.0,7.298924,0.0,60.376356
after,concurrent8,resources/list,0.0,7.178267,0.0,63.54288700000001
after,concurrent8,resources/list,0.0,4.009953,0.0,18.592913
after,concurrent8,resources/list,0.0,4.971938,0.0,21.948178
after,concurrent8,resources/list,0.0,4.93039,0.0,21.896461
after,concurrent8,resources/list,0.0,10.924295,0.0,30.798854000000002
after,concurrent8,resources/list,0.0,10.741733,0.0,30.877121
after,concurrent8,resources/list,0.0,10.278534,0.0,31.03653
after,concurrent8,resources/list,0.0,10.37729,0.0,31.426991
after,concurrent8,resources/list,0.0,14.307323,0.0,31.551636000000002
after,concurrent8,resources/list,0.0,3.648054,0.0,18.110368
after,concurrent8,resources/list,0.0,4.693837,0.0,22.550178
after,concurrent8,resources/list,0.0,11.153817,0.0,33.230646
after,concurrent8,resources/list,0.0,12.129106,0.0,33.394905
after,concurrent8,resources/list,0.0,12.79761,0.0,33.469364
after,concurrent8,resources/list,0.0,14.143075,0.0,33.590191
after,concurrent8,resources/list,0.0,12.262126,0.0,33.809682
after,concurrent8,resources/list,0.0,14.546371,0.0,38.273678
after,concurrent8,resources/list,0.0,2.695888,0.0,16.206496
after,concurrent8,resources/list,0.0,3.594524,0.0,15.895532000000001
after,concurrent8,resources/list,0.0,6.306462,0.0,21.614031999999998
after,concurrent8,resources/list,0.0,6.926535,0.0,21.547826999999998
after,concurrent8,resources/list,0.0,6.676255,0.0,21.850685000000002
after,concurrent8,resources/list,0.0,7.497387,0.0,26.373721
after,concurrent8,resources/list,0.0,7.554453,0.0,26.412303
after,concurrent8,resources/list,0.0,8.745949,0.0,26.599584999999998
after,concurrent8,resources/list,0.0,3.617167,0.0,12.334893
after,concurrent8,resources/list,0.0,2.859013,0.0,13.722936
after,concurrent8,resources/list,0.0,6.954347,0.0,20.093047
after,concurrent8,resources/list,0.0,6.702465,0.0,20.074693
after,concurrent8,resources/list,0.0,6.869609,0.0,20.171966
after,concurrent8,resources/list,0.0,6.883976,0.0,20.154734
after,concurrent8,resources/list,0.0,9.730526,0.0,24.722864
after,concurrent8,resources/list,0.0,7.617311,0.0,24.615523
after,concurrent8,resources/list,0.0,2.309313,0.0,11.696555
after,concurrent8,resources/list,0.0,5.724009,0.0,17.105833
after,concurrent8,resources/list,0.0,8.945373,0.0,25.761102
after,concurrent8,resources/list,0.0,11.721652,0.0,25.827256
after,concurrent8,resources/list,0.0,11.902291,0.0,25.784976
after,concurrent8,resources/list,0.0,10.860065,0.0,25.939807
after,concurrent8,resources/list,0.0,13.385334,0.0,26.258334
after,concurrent8,resources/list,0.0,10.851209,0.0,26.2505
after,concurrent8,resources/list,0.0,2.965273,0.0,12.283696
after,concurrent8,resources/list,0.0,3.086681,0.0,14.816307
after,concurrent8,resources/list,0.0,7.953141,0.0,22.709726999999997
after,concurrent8,resources/list,0.0,8.486562,0.0,22.658701999999998
after,concurrent8,resources/list,0.0,7.572066,0.0,22.720818
after,concurrent8,resources/list,0.0,7.973249,0.0,22.750303
after,concurrent8,resources/list,0.0,7.90425,0.0,22.755633
after,concurrent8,resources/list,0.0,11.433051,0.0,26.902053
after,concurrent8,resources/list,0.0,4.697252,0.0,16.245189
after,concurrent8,resources/list,0.0,3.642845,0.0,20.15825
after,concurrent8,resources/list,0.0,9.214578,0.0,28.814972
after,concurrent8,resources/list,0.0,8.898014,0.0,28.812437
after,concurrent8,resources/list,0.0,11.406039,0.0,28.859595
after,concurrent8,resources/list,0.0,9.939067,0.0,28.979560000000003
after,concurrent8,resources/list,0.0,12.337467,0.0,34.833333
after,concurrent8,resources/list,0.0,12.389845,0.0,34.990248
after,concurrent8,resources/list,0.0,5.479791,0.0,17.898982
after,concurrent8,resources/list,0.0,3.195385,0.0,13.14886
after,concurrent8,resources/list,0.0,3.811541,0.0,16.657602
after,concurrent8,resources/list,0.0,4.06655,0.0,16.747541000000002
after,concurrent8,resources/list,0.0,15.659029,0.0,31.571293
after,concurrent8,resources/list,0.0,15.84077,0.0,31.59141
after,concurrent8,resources/list,0.0,70.584508,0.0,89.59323099999999
after,concurrent8,resources/list,0.0,70.752193,0.0,89.706734
after,concurrent8,resources/list,0.0,5.577143,0.0,21.244748
after,concurrent8,resources/list,0.0,5.529023,0.0,21.668914
after,concurrent8,resources/list,0.0,11.047637,0.0,28.093107
after,concurrent8,resources/list,0.0,7.874173,0.0,24.110815000000002
after,concurrent8,resources/list,0.0,7.534005,0.0,28.137831
after,concurrent8,resources/list,0.0,11.37394,0.0,28.161866
after,concurrent8,resources/list,0.0,7.5044,0.0,23.774144
after,concurrent8,resources/list,0.0,7.934476,0.0,26.650700999999998
after,concurrent8,resources/list,0.0,4.068413,0.0,18.754897
after,concurrent8,resources/list,0.0,3.050834,0.0,17.547562
after,concurrent8,resources/list,0.0,6.473826,0.0,23.064301999999998
after,concurrent8,resources/list,0.0,8.165911,0.0,22.953314
after,concurrent8,resources/list,0.0,10.416634,0.0,31.960493
after,concurrent8,resources/list,0.0,11.884497,0.0,32.010176
after,concurrent8,resources/list,0.0,13.302387,0.0,31.801004000000002
after,concurrent8,resources/list,0.0,10.63915,0.0,32.072353
after,concurrent8,resources/list,0.0,3.588102,0.0,16.242032
after,concurrent8,resources/list,0.0,4.561178,0.0,17.608166
after,concurrent8,resources/list,0.0,5.949562,0.0,21.575969999999998
after,concurrent8,resources/list,0.0,6.277227,0.0,21.519474
after,concurrent8,resources/list,0.0,6.739103,0.0,25.99981
after,concurrent8,resources/list,0.0,6.748161,0.0,26.163347
after,concurrent8,resources/list,0.0,5.824407,0.0,26.213390999999998
after,concurrent8,resources/list,0.0,7.196882,0.0,30.021044
after,concurrent8,resources/list,0.0,4.037675,0.0,21.951584
after,concurrent8,resources/list,0.0,3.532337,0.0,17.624417
after,concurrent8,resources/list,0.0,6.370202,0.0,22.856994
after,concurrent8,resources/list,0.0,5.651984,0.0,22.856642
after,concurrent8,resources/list,0.0,7.194338,0.0,22.888512
after,concurrent8,resources/list,0.0,9.302593,0.0,27.890206
after,concurrent8,resources/list,0.0,9.248461,0.0,27.780591
after,concurrent8,resources/list,0.0,8.872686,0.0,27.835324
after,concurrent8,resources/list,0.0,10.577325,0.0,22.484023999999998
after,concurrent8,resources/list,0.0,6.073675,0.0,25.942211
after,concurrent8,resources/list,0.0,8.982873,0.0,31.645262
after,concurrent8,resources/list,0.0,6.47589,0.0,31.709051000000002
after,concurrent8,resources/list,0.0,10.34069,0.0,39.793078
after,concurrent8,resources/list,0.0,9.90307,0.0,39.705343
after,concurrent8,resources/list,0.0,12.7016,0.0,39.913734
after,concurrent8,resources/list,0.0,10.103306,0.0,39.845125
after,concurrent8,resources/list,0.0,2.373954,0.0,15.358996
after,concurrent8,resources/list,0.0,2.457771,0.0,14.396389000000001
after,concurrent8,resources/list,0.0,4.22669,0.0,18.089539000000002
after,concurrent8,resources/list,0.0,5.460685,0.0,18.463972
after,concurrent8,resources/list,0.0,4.270853,0.0,18.268364
after,concurrent8,resources/list,0.0,6.123328,0.0,22.828478999999998
after,concurrent8,resources/list,0.0,6.097741,0.0,22.726769
after,concurrent8,resources/list,0.0,6.585976,0.0,26.541076
after,concurrent8,resources/list,0.0,3.887193,0.0,13.978496
after,concurrent8,resources/list,0.0,4.233743,0.0,15.455628
after,concurrent8,resources/list,0.0,6.22556,0.0,21.182872
after,concurrent8,resources/list,0.0,7.13687,0.0,21.091251
after,concurrent8,resources/list,0.0,7.49938,0.0,21.167915
after,concurrent8,resources/list,0.0,7.111712,0.0,21.065913
after,concurrent8,resources/list,0.0,8.849113,0.0,24.76881
after,concurrent8,resources/list,0.0,9.090806,0.0,24.899966
after,sequential,resources/read,0.018555,2.31856,29.391423,43.327087999999996
after,sequential,resources/read,0.025528,3.583814,37.479317,55.073376
after,sequential,resources/read,0.024446,3.731371,38.510512,57.101021
after,sequential,resources/read,0.02685,4.068453,28.520799,47.376976
after,sequential,resources/read,0.027512,3.717505,38.785488,57.134874
after,sequential,resources/read,0.0262,4.049387,39.161102,71.919172
after,sequential,resources/read,0.028613,3.70957,38.656966,57.685637
after,sequential,resources/read,0.026079,3.813655,39.144882,57.641033
after,sequential,resources/read,0.025658,52.669527,29.276778,107.562094
after,sequential,resources/read,0.027091,3.743313,39.464702,57.876305
after,sequential,resources/read,0.029135,3.622827,40.603258,59.197363
after,sequential,resources/read,0.0323,37.350465,33.724573,86.436168
after,sequential,resources/read,0.031449,3.92833,31.752623,49.074912
after,sequential,resources/read,0.032161,4.496907,37.375983,55.29066400000001
after,sequential,resources/read,0.027501,3.828473,34.811031,51.358577000000004
after,sequential,resources/read,0.027672,3.301815,33.095843,49.547629
after,sequential,resources/read,0.023645,3.15001,36.857941,51.913187
after,sequential,resources/read,0.03698,3.82168,30.835412,49.39883
after,sequential,resources/read,0.027111,3.838462,28.872931,44.924776
after,sequential,resources/read,0.022603,3.436547,26.172093,40.590855000000005
after,sequential,resources/read,0.03171,3.839243,29.477124,47.631865000000005
after,sequential,resources/read,0.022342,3.071282,37.687768,52.626836000000004
after,sequential,resources/read,0.035567,4.118076,37.572692,56.175003000000004
after,sequential,resources/read,0.027752,3.688791,28.903979,47.822943
after,sequential,resources/read,0.025497,2.742906,37.943628,53.711099999999995
after,sequential,resources/read,0.026539,5.978156,30.093881,114.099178
after,sequential,resources/read,0.034084,3.812262,37.781314,53.594592000000006
after,sequential,resources/read,0.026139,3.766586,35.001429,51.064214
after,sequential,resources/read,0.035857,3.831929,35.737479,53.34755800000001
after,sequential,resources/read,0.027251,2.838675,38.329833,55.873007
after,sequential,resources/read,0.028213,3.739025,38.242449,56.743891
after,sequential,resources/read,0.032952,3.854913,34.002073,54.280268
after,sequential,resources/read,0.024677,2.933854,34.029725,50.775332999999996
after,sequential,resources/read,0.025578,3.020607,31.270078,48.303235
after,sequential,resources/read,0.035667,2.800404,31.148911,46.705617
after,sequential,resources/read,0.039474,4.124598,31.363814,50.999203
after,sequential,resources/read,0.023124,2.972136,30.811778,46.493809
after,sequential,resources/read,0.022703,2.89959,30.155276,44.395723999999994
after,sequential,resources/read,0.035286,4.017368,35.089954,52.743165000000005
after,sequential,resources/read,0.025007,2.961286,31.052369,45.627876
after,sequential,resources/read,0.036849,4.110281,31.874802,49.444065
after,sequential,resources/read,0.028343,34.083646,34.30952,84.13924899999999
after,sequential,resources/read,0.029755,3.37364,34.818605,71.467224
after,sequential,resources/read,0.039424,4.180153,30.739232,49.603383
after,sequential,resources/read,0.026239,3.51257,32.81673,48.544848
after,sequential,resources/read,0.025828,3.327222,26.912993,42.659586
after,sequential,resources/read,0.018565,2.566605,28.89932,41.84621
after,sequential,resources/read,0.018755,2.40898,25.169191,36.474422
after,sequential,resources/read,0.02127,2.945015,29.689041,43.507798
after,sequential,resources/read,0.019616,2.892286,29.011761,42.85316
after,sequential,resources/read,0.019858,2.862721,28.986634,40.227012
after,sequential,resources/read,0.015139,2.775447,35.054047,45.938176999999996
after,sequential,resources/read,0.015459,3.108732,31.671531,47.463158
after,sequential,resources/read,0.027321,3.390892,31.975411,48.489633999999995
after,sequential,resources/read,0.01588,3.233397,35.797692,50.360434000000005
after,sequential,resources/read,0.022823,3.541414,38.93067,56.234064000000004
after,sequential,resources/read,0.016752,3.126826,39.606598,55.683371
after,sequential,resources/read,0.020108,3.782637,39.480041,59.241947
after,sequential,resources/read,0.05347,4.682896,26.454824,44.023455000000006
after,sequential,resources/read,0.020799,2.521441,19.976629,31.939013000000003
after,sequential,resources/read,0.032611,3.293579,26.878529,40.901528
after,sequential,resources/read,0.033193,4.096085,34.706575,51.501895999999995
after,sequential,resources/read,0.023284,3.20353,41.162086,74.625449
after,sequential,resources/read,0.02163,2.895984,28.451951,42.484067
after,sequential,resources/read,0.018595,2.942741,35.203618,49.018146
after,sequential,resources/read,0.018866,2.983618,20.721006,34.712366
after,sequential,resources/read,0.018585,3.045363,24.120244,38.10965
after,sequential,resources/read,0.020729,2.730132,29.714569,41.829388
after,sequential,resources/read,0.024175,3.665908,27.866783,43.460388
after,sequential,resources/read,0.019116,2.962788,24.001951,37.943247
after,sequential,resources/read,0.028323,3.015809,25.609237,39.445816
after,sequential,resources/read,0.021831,2.605007,25.484793,36.924426000000004
after,sequential,resources/read,0.019687,3.001421,26.9648,41.122191
after,sequential,resources/read,0.022522,2.874864,27.739884,42.273311
after,sequential,resources/read,0.020929,2.92105,22.566268,36.647818
after,sequential,resources/read,0.019296,2.901494,28.481476,39.861928
after,sequential,resources/read,0.023805,2.640173,28.539074,45.394848
after,sequential,resources/read,0.022963,3.274724,25.500754,39.930847
after,sequential,resources/read,0.024005,3.78438,33.738027,50.048289000000004
after,sequential,resources/read,0.019556,3.031958,25.099902,39.484479
after,sequential,resources/read,0.018925,2.537791,28.410883,38.903639
after,sequential,resources/read,0.019377,3.238366,17.871289,31.818076
after,sequential,resources/read,0.020719,2.767062,31.838725,42.866465
after,sequential,resources/read,0.020609,2.75039,29.425527,40.803524
after,sequential,resources/read,0.029225,25.33372,26.749126,69.17896
after,sequential,resources/read,0.021841,3.337351,31.064432,45.538608
after,sequential,resources/read,0.019407,2.886916,22.970717,36.392798
after,sequential,resources/read,0.02103,2.835219,30.481518,44.44721
after,sequential,resources/read,0.024727,2.925639,32.779861,47.291987
after,sequential,resources/read,0.025367,3.777878,32.293958,53.787775
after,sequential,resources/read,0.022853,3.001923,28.358475,42.875572
after,sequential,resources/read,0.019466,2.898097,28.629323,42.542697
after,sequential,resources/read,0.023434,3.781455,20.634053,36.277522
after,sequential,resources/read,0.017032,2.365598,26.916128,40.645477
after,sequential,resources/read,0.021781,2.858132,22.46611,34.285045
after,sequential,resources/read,0.017102,3.185055,22.440432,36.567786999999996
after,sequential,resources/read,0.020208,3.063438,27.594832,39.74588
after,sequential,resources/read,0.024426,2.913256,26.071445,37.804646999999996
after,sequential,resources/read,0.020479,2.45733,26.553088,39.734718
after,sequential,resources/read,0.020558,2.208413,27.301221,39.216677
after,concurrent8,resources/read,0.031059,5.381977,25.158842,47.307176
after,concurrent8,resources/read,0.025217,7.185912,27.524381,51.358206
after,concurrent8,resources/read,0.011121,8.562685,24.813334,56.173089000000004
after,concurrent8,resources/read,0.01085,10.257986,22.864607,57.132009
after,concurrent8,resources/read,0.011942,8.629581,29.059561,60.241212000000004
after,concurrent8,resources/read,0.015138,10.251433,24.799748,57.890832
after,concurrent8,resources/read,0.009608,10.02564,24.950341,53.034831999999994
after,concurrent8,resources/read,0.01067,6.418493,29.716664,60.977153
after,concurrent8,resources/read,0.021079,2.962658,37.757409,73.843742
after,concurrent8,resources/read,0.012874,13.21856,30.295649,71.809516
after,concurrent8,resources/read,0.013064,11.009305,33.298453,74.81244
after,concurrent8,resources/read,0.01571,11.379901,34.025437,75.528142
after,concurrent8,resources/read,0.017252,11.925454,36.448603,77.811858
after,concurrent8,resources/read,0.014297,11.910596,37.446866,78.763923
after,concurrent8,resources/read,0.017743,15.09981,33.029098,80.527072
after,concurrent8,resources/read,0.017232,14.918449,41.422165,88.908937
after,concurrent8,resources/read,0.019888,3.69372,34.695905,51.188508
after,concurrent8,resources/read,0.02122,6.067214,39.852509,58.275754
after,concurrent8,resources/read,0.027161,13.628149,36.763103,66.531223
after,concurrent8,resources/read,0.021621,13.890711,33.853224,68.55755500000001
after,concurrent8,resources/read,0.022752,9.697694,41.46779,70.917743
after,concurrent8,resources/read,0.024315,11.242964,44.921861,74.628094
after,concurrent8,resources/read,0.019066,14.797192,45.905366,75.54832
after,concurrent8,resources/read,0.01582,11.935793,49.272864,78.649208
after,concurrent8,resources/read,0.035867,4.243691,54.415582,74.272186
after,concurrent8,resources/read,0.022312,3.313748,42.237033,65.995148
after,concurrent8,resources/read,0.013165,12.138894,46.556197,79.787865
after,concurrent8,resources/read,0.013165,10.448162,59.210709,92.244986
after,concurrent8,resources/read,0.016922,11.096389,62.253428,95.373156
after,concurrent8,resources/read,0.017613,11.595104,62.555484,95.792202
after,concurrent8,resources/read,0.022672,31.981793,39.052568,104.61065599999999
after,concurrent8,resources/read,0.028464,37.823313,36.056988,107.864281
after,concurrent8,resources/read,0.022482,2.784685,29.594704,47.008386
after,concurrent8,resources/read,0.017633,7.697942,21.898194,47.729578000000004
after,concurrent8,resources/read,0.012904,10.203784,22.078633,47.841709
after,concurrent8,resources/read,0.013485,11.225782,23.978868,49.591622
after,concurrent8,resources/read,0.013916,10.152337,24.69911,50.587551000000005
after,concurrent8,resources/read,0.021901,5.24963,36.293262,52.894558
after,concurrent8,resources/read,0.014597,11.397403,27.297344,53.105585
after,concurrent8,resources/read,0.017293,10.33489,28.017164,57.528422000000006
after,concurrent8,resources/read,0.032741,4.063524,29.632225,46.226398
after,concurrent8,resources/read,0.013846,4.396178,34.184416,53.136513
after,concurrent8,resources/read,0.014207,10.421452,33.364608,62.623171000000006
after,concurrent8,resources/read,0.008827,13.267071,36.18581,65.611538
after,concurrent8,resources/read,0.013836,11.515996,36.606069,65.960853
after,concurrent8,resources/read,0.013085,12.065206,37.096569,66.28005200000001
after,concurrent8,resources/read,0.009929,12.093699,39.627467,68.867897
after,concurrent8,resources/read,0.011101,14.068715,40.494093,69.696402
after,concurrent8,resources/read,0.023625,5.049414,28.922332,44.849575
after,concurrent8,resources/read,0.017763,7.800014,36.689856,56.608385999999996
after,concurrent8,resources/read,0.022341,13.978135,42.169967,68.072705
after,concurrent8,resources/read,0.010721,13.443482,43.046031,69.074595
after,concurrent8,resources/read,0.012854,12.132433,35.095875,69.70592
after,concurrent8,resources/read,0.014627,12.481868,37.221894,71.59985300000001
after,concurrent8,resources/read,0.016692,10.46844,37.556482,71.83645700000001
after,concurrent8,resources/read,0.008987,12.658759,48.811388,74.95618900000001
after,concurrent8,resources/read,0.027982,3.928541,39.627577,58.886601
after,concurrent8,resources/read,0.032862,5.018445,45.783126,94.93907
after,concurrent8,resources/read,0.034875,4.603878,38.178439,95.02562300000001
after,concurrent8,resources/read,0.017753,14.990745,29.299521,98.72272
after,concurrent8,resources/read,0.025969,15.94732,29.801462,99.06967999999999
after,concurrent8,resources/read,0.017834,15.501133,32.035423,101.376349
after,concurrent8,resources/read,0.020348,15.841462,33.314563,103.246967
after,concurrent8,resources/read,0.028924,16.782136,37.650158,107.295694
after,concurrent8,resources/read,0.024276,3.9977,31.62321,49.145895
after,concurrent8,resources/read,0.041157,5.13835,34.888787,55.791564
after,concurrent8,resources/read,0.020258,16.576491,30.487429,64.189129
after,concurrent8,resources/read,0.017903,11.035334,32.25771,65.598593
after,concurrent8,resources/read,0.019036,14.945971,34.040706,67.69409499999999
after,concurrent8,resources/read,0.019406,14.192147,34.776486,67.79285
after,concurrent8,resources/read,0.017994,13.077585,35.680161,69.360712
after,concurrent8,resources/read,0.017042,10.927883,37.376004,70.737915
after,concurrent8,resources/read,0.029696,4.457443,38.470527,53.565706999999996
after,concurrent8,resources/read,0.012975,4.651337,46.271202,66.889986
after,concurrent8,resources/read,0.012563,13.326953,42.430447,74.271315
after,concurrent8,resources/read,0.017222,10.363223,42.845244,74.766834
after,concurrent8,resources/read,0.01577,11.744785,43.295179,75.568138
after,concurrent8,resources/read,0.014146,14.156801,44.50079,76.369231
after,concurrent8,resources/read,0.013405,13.686528,47.215824,79.010025
after,concurrent8,resources/read,0.011722,13.233668,51.624706,83.42720200000001
after,concurrent8,resources/read,0.030828,5.398168,39.596489,57.078318
after,concurrent8,resources/read,0.020969,12.264571,32.717783,66.787013
after,concurrent8,resources/read,0.020748,4.846432,47.209813,67.79302
after,concurrent8,resources/read,0.018895,11.121536,40.101396,73.462047
after,concurrent8,resources/read,0.017152,14.446755,40.164225,74.032778
after,concurrent8,resources/read,0.033182,14.627123,41.557128,75.08470100000001
after,concurrent8,resources/read,0.026359,15.240905,45.490657,79.549597
after,concurrent8,resources/read,0.014938,16.668913,49.557278,83.44022700000001
after,concurrent8,resources/read,0.027682,4.783685,27.698236,46.588907999999996
after,concurrent8,resources/read,0.012914,8.223599,20.771701,45.647231000000005
after,concurrent8,resources/read,0.019647,6.599322,28.818017,46.551869
after,concurrent8,resources/read,0.009137,8.038481,21.928652,46.375047
after,concurrent8,resources/read,0.017824,8.317404,23.748857,47.988224
after,concurrent8,resources/read,0.015049,9.524269,23.997393,48.641139
after,concurrent8,resources/read,0.013596,3.173804,31.040737,48.78059
after,concurrent8,resources/read,0.011512,9.527946,26.519996,51.193918
after,concurrent8,resources/read,0.017743,3.09127,41.699034,57.451738
after,concurrent8,resources/read,0.0373,4.549605,32.650858,54.818328
after,concurrent8,resources/read,0.023063,11.793277,26.067778,58.730698
after,concurrent8,resources/read,0.018735,13.364534,26.770335,59.275650999999996
after,concurrent8,resources/read,0.017563,11.473105,26.589386,59.28027
after,concurrent8,resources/read,0.016581,11.494736,30.80262,63.029143
after,concurrent8,resources/read,0.017062,12.950527,33.942562,66.56810200000001
after,concurrent8,resources/read,0.0212,13.770565,42.029173,75.176934
after,concurrent8,resources/read,0.018705,5.210065,39.535044,58.759893
after,concurrent8,resources/read,0.030617,3.678963,34.222296,54.956978
after,concurrent8,resources/read,0.021631,11.433761,29.577732,58.970298
after,concurrent8,resources/read,0.020889,6.464338,30.374898,59.484042
after,concurrent8,resources/read,0.019436,11.940071,24.501579,63.075931000000004
after,concurrent8,resources/read,0.022071,11.930233,34.262351,63.658544
after,concurrent8,resources/read,0.017653,14.870991,28.600118,66.8281
after,concurrent8,resources/read,0.014988,15.456228,32.431657,70.652195
after,concurrent8,resources/read,0.017864,6.787565,37.930534,57.564169
after,concurrent8,resources/read,0.015289,11.652132,26.800462,57.834006
after,concurrent8,resources/read,0.018365,14.088162,27.389116,58.452697
after,concurrent8,resources/read,0.023233,15.053202,34.966342,66.233605
after,concurrent8,resources/read,0.020338,14.362907,35.591425,66.740956
after,concurrent8,resources/read,0.039845,6.622785,48.287355,67.341132
after,concurrent8,resources/read,0.018244,13.956364,36.367441,67.901354
after,concurrent8,resources/read,0.015178,14.88133,41.880354,77.639604
after,concurrent8,resources/read,0.019677,19.489696,26.441549,101.273766
after,concurrent8,resources/read,0.043271,6.345856,42.762329,109.076234
after,concurrent8,resources/read,0.018916,16.414727,43.117676,118.370151
after,concurrent8,resources/read,0.019627,16.504625,44.210305,119.458603
after,concurrent8,resources/read,0.022582,20.087908,44.896443,119.826313
after,concurrent8,resources/read,0.018445,14.778347,46.580563,122.238529
after,concurrent8,resources/read,0.019016,18.223039,56.086036,131.022789
after,concurrent8,resources/read,0.018175,18.139593,59.565655,134.264952
