model,elapsed_seconds,device_memory_mib,vllm_memory_mib,device_utilization_percent
qwen3-embedding-0.6b,0.0005121809663251042,7957,6514,9
qwen3-embedding-0.6b,1.051866146037355,7957,6514,10
qwen3-embedding-0.6b,2.102146066026762,7957,6514,10
qwen3-embedding-0.6b,3.1583571339724585,7957,6514,11
qwen3-embedding-0.6b,4.204945650999434,7957,6514,9
qwen3-embedding-0.6b,5.25479473604355,7957,6514,10
qwen3-embedding-0.6b,6.302530435961671,7957,6514,9
qwen3-embedding-0.6b,7.353152632014826,7957,6514,10
qwen3-embedding-0.6b,8.402174276066944,8043,6600,14
qwen3-embedding-0.6b,9.451600420055911,8319,6876,16
qwen3-embedding-0.6b,10.498349633067846,8319,6876,17
qwen3-embedding-0.6b,11.549378404044546,8319,6876,21
qwen3-embedding-0.6b,12.599311060039327,8319,6876,16
qwen3-embedding-0.6b,13.647623096010648,8319,6876,14
qwen3-embedding-0.6b,14.699992223992012,8319,6876,15
qwen3-embedding-0.6b,15.747919318964705,8319,6876,11
qwen3-embedding-0.6b,16.799263064051047,8405,6962,15
qwen3-embedding-0.6b,17.848358202027157,8405,6962,12
qwen3-embedding-0.6b,18.899918655049987,8405,6962,17
qwen3-embedding-0.6b,19.94940958695952,8405,6962,17
qwen3-embedding-0.6b,20.998799158958718,8405,6962,18
qwen3-embedding-0.6b,22.049954022979364,8405,6962,9
qwen3-embedding-0.6b,23.097697437973693,8405,6962,10
qwen3-embedding-0.6b,24.145274683018215,8405,6962,9
qwen3-embedding-0.6b,25.19298190099653,8405,6962,10
qwen3-embedding-0.6b,26.24299758102279,8405,6962,9
qwen3-embedding-0.6b,27.291233903029934,8405,6962,10
qwen3-embedding-0.6b,28.341911236057058,8405,6962,9
qwen3-embedding-0.6b,29.388213981990702,8405,6962,10
qwen3-embedding-0.6b,30.440156458993442,8405,6962,10
qwen3-embedding-0.6b,31.48779425106477,8405,6962,10
qwen3-embedding-0.6b,32.53638805705123,8405,6962,11
qwen3-embedding-0.6b,33.5841537299566,8405,6962,9
qwen3-embedding-0.6b,34.63176088698674,8405,6962,9
qwen3-embedding-0.6b,35.68019394297153,8405,6962,11
qwen3-embedding-0.6b,36.72833326901309,8405,6962,9
qwen3-embedding-0.6b,37.778155753039755,8405,6962,10
qwen3-embedding-0.6b,38.82789721596055,8405,6962,10
qwen3-embedding-0.6b,39.87383386096917,8405,6962,9
qwen3-embedding-0.6b,40.922532840049826,8405,6962,10
qwen3-embedding-0.6b,41.97095411806367,8405,6962,10
qwen3-embedding-0.6b,43.02025840303395,8405,6962,10
qwen3-embedding-0.6b,44.07094386906829,8405,6962,11
qwen3-embedding-0.6b,45.11770481406711,8405,6962,9
qwen3-embedding-0.6b,46.1686241410207,8405,6962,9
qwen3-embedding-0.6b,47.21621611597948,8405,6962,11
qwen3-embedding-0.6b,48.26572406606283,8405,6962,9
qwen3-embedding-0.6b,49.31611582497135,8405,6962,12
qwen3-embedding-0.6b,50.36371829197742,8405,6962,9
qwen3-embedding-0.6b,51.414820665027946,8405,6962,10
qwen3-embedding-0.6b,52.46243723900989,8405,6962,8
qwen3-embedding-0.6b,53.51094021706376,8405,6962,12
qwen3-embedding-0.6b,54.55908610497136,8405,6962,10
qwen3-embedding-0.6b,55.61012775695417,8405,6962,11
qwen3-embedding-0.6b,56.659737212001346,8405,6962,10
qwen3-embedding-0.6b,57.7078891240526,8405,6962,10
qwen3-embedding-0.6b,58.75538257998414,8405,6962,11
qwen3-embedding-0.6b,59.80493064201437,8405,6962,10
qwen3-embedding-0.6b,60.853352632024325,8405,6962,12
qwen3-embedding-0.6b,61.90175739105325,8405,6962,11
qwen3-embedding-0.6b,62.94834118406288,8405,6962,10
qwen3-embedding-0.6b,63.99859853798989,8405,6962,10
qwen3-embedding-0.6b,65.04650895099621,8405,6962,10
qwen3-embedding-0.6b,66.0961793960305,8405,6962,9
qwen3-embedding-0.6b,67.14632604504004,8405,6962,10
qwen3-embedding-0.6b,68.19441417197231,8405,6962,15
qwen3-embedding-0.6b,69.24569447897375,8405,6962,13
qwen3-embedding-0.6b,70.29396807600278,8405,6962,10
qwen3-embedding-0.6b,71.34199293702841,8405,6962,10
qwen3-embedding-0.6b,72.3898918919731,8405,6962,12
qwen3-embedding-0.6b,73.43607825506479,8405,6962,10
qwen3-embedding-0.6b,74.48424845002592,8406,6962,9
qwen3-embedding-0.6b,75.53326689696405,8406,6962,11
qwen3-embedding-0.6b,76.58155562600587,8406,6962,10
qwen3-embedding-0.6b,77.63355402403977,8405,6962,9
qwen3-embedding-0.6b,78.68034987302963,8405,6962,11
qwen3-embedding-0.6b,79.7331864250591,8405,6962,9
qwen3-embedding-0.6b,80.78091674798634,8405,6962,9
qwen3-embedding-0.6b,81.83365914400201,8405,6962,9
qwen3-embedding-0.6b,82.88174817198887,8405,6962,9
qwen3-embedding-0.6b,83.93296980706509,8405,6962,14
qwen3-embedding-0.6b,84.98142537300009,8405,6962,19
qwen3-embedding-0.6b,86.03063891106285,8405,6962,18
qwen3-embedding-0.6b,87.078070456977,8406,6962,23
qwen3-embedding-0.6b,88.12995700200554,8406,6962,20
qwen3-embedding-0.6b,89.18018974398728,8406,6962,16
qwen3-embedding-0.6b,90.22937735600863,8406,6962,11
qwen3-embedding-0.6b,91.279376110062,8406,6962,16
qwen3-embedding-0.6b,92.32731659396086,8406,6962,17
qwen3-embedding-0.6b,93.37787748395931,8406,6962,10
qwen3-embedding-0.6b,94.42550803697668,8406,6962,17
qwen3-embedding-0.6b,95.4757393100299,8406,6962,11
qwen3-embedding-0.6b,96.5237782910699,8406,6962,9
qwen3-embedding-0.6b,97.5742356190458,8405,6962,9
qwen3-embedding-0.6b,98.62105644505937,8405,6962,9
qwen3-embedding-0.6b,99.66815699706785,8405,6962,9
qwen3-embedding-0.6b,100.71953924198169,8405,6962,9
qwen3-embedding-0.6b,101.76765600102954,8405,6962,9
qwen3-embedding-0.6b,102.81643139605876,8405,6962,9
qwen3-embedding-0.6b,103.86390678398311,8406,6962,10
qwen3-embedding-0.6b,104.90942002995871,8406,6962,12
qwen3-embedding-0.6b,105.9592275939649,8406,6962,6
qwen3-embedding-0.6b,107.00770919001661,8406,6962,7
qwen3-embedding-0.6b,108.05506157805212,8406,6962,7
qwen3-embedding-0.6b,109.1030011989642,8405,6962,7
qwen3-embedding-0.6b,110.15257127897348,8405,6962,7
qwen3-embedding-0.6b,111.20207607699558,8405,6962,8
qwen3-embedding-0.6b,112.25068648799788,8405,6962,12
qwen3-embedding-0.6b,113.29901486006565,8405,6962,11
qwen3-embedding-0.6b,114.34905206796248,8405,6962,8
qwen3-embedding-0.6b,115.39715075003915,8405,6962,10
qwen3-embedding-0.6b,116.44367191405036,8405,6962,10
qwen3-embedding-0.6b,117.49157656298485,8405,6962,10
qwen3-embedding-0.6b,118.53803834598511,8405,6962,9
qwen3-embedding-0.6b,119.5861961110495,8405,6962,10
qwen3-embedding-0.6b,120.6372724820394,8405,6962,9
qwen3-embedding-0.6b,121.68762182001956,8405,6962,9
qwen3-embedding-0.6b,122.73657350603025,8405,6962,8
qwen3-embedding-0.6b,123.7841260280693,8405,6962,9
qwen3-embedding-0.6b,124.8345943900058,8405,6962,9
qwen3-embedding-0.6b,125.88351879699621,8405,6962,11
qwen3-embedding-0.6b,126.9320326630259,8405,6962,9
qwen3-embedding-0.6b,127.98231842496898,8405,6962,10
qwen3-embedding-0.6b,129.0308728290256,8405,6962,10
qwen3-embedding-0.6b,130.08181726699695,8405,6962,9
qwen3-embedding-0.6b,131.12835854501463,8405,6962,10
qwen3-embedding-0.6b,132.17652418103535,8405,6962,12
qwen3-embedding-0.6b,133.22266238403972,8405,6962,10
qwen3-embedding-0.6b,134.2690562979551,8405,6962,11
qwen3-embedding-0.6b,135.31812493898906,8405,6962,10
qwen3-embedding-0.6b,136.3676512100501,8405,6962,9
qwen3-embedding-0.6b,137.41553830599878,8405,6962,11
qwen3-embedding-0.6b,138.46283931296784,8405,6962,9
qwen3-embedding-0.6b,139.5092108870158,8405,6962,9
qwen3-embedding-0.6b,140.559541658964,8405,6962,9
qwen3-embedding-0.6b,141.6094640250085,8405,6962,9
qwen3-embedding-0.6b,142.65813295100816,8405,6962,9
qwen3-embedding-0.6b,143.70844746299554,8405,6962,9
qwen3-embedding-0.6b,144.7549869749928,8405,6962,10
qwen3-embedding-0.6b,145.80443666595966,8405,6962,9
qwen3-embedding-0.6b,146.85144085099455,8405,6962,9
qwen3-embedding-0.6b,147.90189124003518,8405,6962,9
qwen3-embedding-0.6b,148.95083860098384,8405,6962,9
qwen3-embedding-0.6b,149.9964156190399,8405,6962,9
qwen3-embedding-0.6b,151.04559913405683,8405,6962,9
qwen3-embedding-0.6b,152.09255654306617,8405,6962,10
qwen3-embedding-0.6b,153.14066231704783,8405,6962,10
qwen3-embedding-4b,0.0006277270149439573,14529,13086,8
qwen3-embedding-4b,1.0475017350399867,14529,13086,10
qwen3-embedding-4b,2.0931623770156875,14529,13086,9
qwen3-embedding-4b,3.140200864057988,14529,13086,10
qwen3-embedding-4b,4.185386445024051,14529,13086,9
qwen3-embedding-4b,5.231911459006369,14671,13230,11
qwen3-embedding-4b,6.281068362062797,14677,13234,31
qwen3-embedding-4b,7.328644218039699,15377,13934,57
qwen3-embedding-4b,8.373424702091143,15629,14186,86
qwen3-embedding-4b,9.418883768026717,15629,14186,26
qwen3-embedding-4b,10.4654003190808,15629,14186,34
qwen3-embedding-4b,11.514976911013946,15629,14186,32
qwen3-embedding-4b,12.566289309062995,15629,14186,30
qwen3-embedding-4b,13.612301395041868,15629,14186,30
qwen3-embedding-4b,14.658980251988396,15629,14186,29
qwen3-embedding-4b,15.708182053058408,15629,14186,29
qwen3-embedding-4b,16.755543300998397,15629,14186,9
qwen3-embedding-4b,17.80304527305998,15629,14186,9
qwen3-embedding-4b,18.85122874402441,15629,14186,9
qwen3-embedding-4b,19.900035786093213,15899,14456,9
qwen3-embedding-4b,20.945037359022535,15899,14456,8
qwen3-embedding-4b,21.994060727069154,15899,14456,33
qwen3-embedding-4b,23.040971422102302,15899,14456,37
qwen3-embedding-4b,24.08903371798806,15899,14456,13
qwen3-embedding-4b,25.139164756052196,15899,14456,30
qwen3-embedding-4b,26.186536768102087,15899,14456,100
qwen3-embedding-4b,27.233256777049974,15899,14456,10
qwen3-embedding-4b,28.279653861070983,15899,14456,30
qwen3-embedding-4b,29.32785658305511,15899,14456,32
qwen3-embedding-4b,30.3763384380145,15899,14456,9
qwen3-embedding-4b,31.425502063008025,15899,14456,10
qwen3-embedding-4b,32.475298145087436,15899,14456,10
qwen3-embedding-4b,33.52160429104697,15899,14456,11
qwen3-embedding-4b,34.57323483505752,15899,14456,9
qwen3-embedding-4b,35.62371867906768,15899,14456,9
qwen3-embedding-4b,36.67384377901908,15899,14456,9
qwen3-embedding-4b,37.72295070101973,15899,14456,10
qwen3-embedding-4b,38.772386710043065,15899,14456,9
qwen3-embedding-4b,39.82309844205156,15899,14456,9
qwen3-embedding-4b,40.87183519999962,15899,14456,9
qwen3-embedding-4b,41.923313672072254,15899,14456,9
qwen3-embedding-4b,42.97101328603458,15899,14456,9
qwen3-embedding-4b,44.022446213057265,15899,14456,11
qwen3-embedding-4b,45.07102248107549,15899,14456,10
qwen3-embedding-4b,46.121103804092854,15899,14456,9
qwen3-embedding-4b,47.17118400509935,15899,14456,10
qwen3-embedding-4b,48.220783764030784,15899,14456,9
qwen3-embedding-4b,49.2717079090653,15899,14456,10
qwen3-embedding-4b,50.318640266079456,15899,14456,9
qwen3-embedding-4b,51.37005848810077,15899,14456,20
qwen3-embedding-4b,52.420660119038075,15899,14456,9
qwen3-embedding-4b,53.47030266106594,15899,14456,10
qwen3-embedding-4b,54.51985094707925,15899,14456,9
qwen3-embedding-4b,55.569379846099764,15899,14456,10
qwen3-embedding-4b,56.620437715086155,15899,14456,9
qwen3-embedding-4b,57.6697290900629,15899,14456,9
qwen3-embedding-4b,58.72087578603532,15899,14456,9
qwen3-embedding-4b,59.76920099905692,15899,14456,9
qwen3-embedding-4b,60.81948408507742,15899,14456,9
qwen3-embedding-4b,61.86778273899108,15899,14456,11
qwen3-embedding-4b,62.91898467007559,15899,14456,10
qwen3-embedding-4b,63.96796714805532,15899,14456,9
qwen3-embedding-4b,65.01645890506916,15899,14456,10
qwen3-embedding-4b,66.06840319000185,15899,14456,9
qwen3-embedding-4b,67.11726704705507,15899,14456,11
qwen3-embedding-4b,68.16680710203946,15899,14456,9
qwen3-embedding-4b,69.21560117800254,15899,14456,10
qwen3-embedding-4b,70.26426229509525,15897,14456,9
qwen3-embedding-4b,71.31561933108605,15897,14456,10
qwen3-embedding-4b,72.36437816207763,15897,14456,19
qwen3-embedding-4b,73.41631987504661,15897,14456,10
qwen3-embedding-4b,74.46360645408276,15897,14456,9
qwen3-embedding-4b,75.51182829902973,15897,14456,10
qwen3-embedding-4b,76.56040200509597,15897,14456,10
qwen3-embedding-4b,77.61035692202859,15897,14456,9
qwen3-embedding-4b,78.66047088708729,15897,14456,9
qwen3-embedding-4b,79.70941423706245,15897,14456,9
qwen3-embedding-4b,80.75980618502945,15897,14456,9
qwen3-embedding-4b,81.8091187790269,15897,14456,9
qwen3-embedding-4b,82.8590830550529,15897,14456,9
qwen3-embedding-4b,83.90850013506133,15897,14456,9
qwen3-embedding-4b,84.95668793004006,15897,14456,10
qwen3-embedding-4b,86.00690160505474,15897,14456,19
qwen3-embedding-4b,87.05381074210163,15897,14456,9
qwen3-embedding-4b,88.10470551508479,15897,14456,10
qwen3-embedding-4b,89.15336885408033,15897,14456,11
qwen3-embedding-4b,90.20290491904598,15897,14456,9
qwen3-embedding-4b,91.25133892800659,15897,14456,11
qwen3-embedding-4b,92.2976644410519,15897,14456,9
qwen3-embedding-4b,93.34798089205287,15897,14456,11
qwen3-embedding-4b,94.39648218802176,15897,14456,10
qwen3-embedding-4b,95.44752884900663,15897,14456,10
qwen3-embedding-4b,96.49873197404668,15897,14456,9
qwen3-embedding-4b,97.54469165299088,15897,14456,10
qwen3-embedding-4b,98.59652325802017,15897,14456,9
qwen3-embedding-4b,99.64529698702972,15897,14456,9
qwen3-embedding-4b,100.6997709700372,15897,14456,9
qwen3-embedding-4b,101.74928492808249,15897,14456,19
qwen3-embedding-4b,102.79861187608913,15897,14456,10
qwen3-embedding-4b,103.84917699708603,15897,14456,9
qwen3-embedding-4b,104.89706056704745,15897,14456,9
qwen3-embedding-4b,105.94769161299337,15897,14456,9
qwen3-embedding-4b,106.99762198398821,15897,14456,9
qwen3-embedding-4b,108.04741423600353,15897,14456,9
qwen3-embedding-4b,109.09546824800782,15897,14456,10
qwen3-embedding-4b,110.1444263960002,15897,14456,8
qwen3-embedding-4b,111.19539490609895,15897,14456,10
qwen3-embedding-4b,112.24416869005654,15897,14456,10
qwen3-embedding-4b,113.29448802303523,15897,14456,10
qwen3-embedding-4b,114.34260790003464,15900,14456,9
qwen3-embedding-4b,115.393134612008,15900,14456,11
qwen3-embedding-4b,116.44096517702565,15900,14456,10
qwen3-embedding-4b,117.48739461402874,15900,14456,11
qwen3-embedding-4b,118.53624687704723,15900,14456,9
qwen3-embedding-4b,119.58833320706617,15900,14456,10
qwen3-embedding-4b,120.63824934605509,15900,14456,7
qwen3-embedding-4b,121.68693840305787,15900,14456,7
qwen3-embedding-4b,122.73584118206054,15900,14456,7
qwen3-embedding-4b,123.78217483102344,15900,14456,8
qwen3-embedding-4b,124.83221754909027,15899,14456,7
qwen3-embedding-4b,125.881948312046,15899,14456,9
qwen3-embedding-4b,126.93016196903773,15899,14456,19
qwen3-embedding-4b,127.97936241806019,15899,14456,9
qwen3-embedding-4b,129.02885207906365,15899,14456,9
qwen3-embedding-4b,130.0786356329918,15899,14456,10
qwen3-embedding-4b,131.12699979299214,15899,14456,10
qwen3-embedding-4b,132.17799873801414,15899,14456,10
qwen3-embedding-4b,133.22806519304868,15899,14456,10
qwen3-embedding-4b,134.28003256500233,15899,14456,9
qwen3-embedding-4b,135.32899817510042,15899,14456,10
qwen3-embedding-4b,136.38213823805563,15900,14456,11
qwen3-embedding-4b,137.43041449598968,15900,14456,11
qwen3-embedding-4b,138.4798077690648,15900,14456,9
qwen3-embedding-4b,139.53004558803514,15900,14456,10
qwen3-embedding-4b,140.57752799801528,15900,14456,10
qwen3-embedding-4b,141.6272353520617,15899,14456,9
qwen3-embedding-4b,142.6750132770976,15899,14456,10
qwen3-embedding-4b,143.72505702299532,15899,14456,10
qwen3-embedding-4b,144.7717647900572,15900,14456,9
qwen3-embedding-4b,145.8187915070448,15900,14456,10
qwen3-embedding-4b,146.86831726203673,15900,14456,9
qwen3-embedding-4b,147.91728491010144,15900,14456,11
qwen3-embedding-4b,148.96965780702885,15900,14456,10
qwen3-embedding-4b,150.02077582105994,15900,14456,9
qwen3-embedding-4b,151.07217816798948,15900,14456,8
qwen3-embedding-4b,152.12376708502416,15900,14456,12
qwen3-embedding-4b,153.17270631203428,15900,14456,6
qwen3-embedding-4b,154.22279773000628,15900,14456,12
qwen3-embedding-4b,155.27192957908846,15900,14456,32
qwen3-embedding-4b,156.32535328005906,15900,14456,31
qwen3-embedding-4b,157.37199361505918,15900,14456,100
qwen3-embedding-4b,158.4225933890557,15900,14456,31
qwen3-embedding-4b,159.47257484204601,15899,14456,28
qwen3-embedding-4b,160.52530007401947,15899,14456,35
qwen3-embedding-4b,161.57496656803414,15899,14456,30
qwen3-embedding-4b,162.62534792302176,15899,14456,29
qwen3-embedding-4b,163.6778359710006,15899,14456,33
qwen3-embedding-4b,164.7284941660473,15899,14456,30
qwen3-embedding-4b,165.77751864609309,15899,14456,9
qwen3-embedding-4b,166.82751898805145,15899,14456,15
qwen3-embedding-4b,167.87958274106495,15899,14456,9
qwen3-embedding-4b,168.92780860408675,15900,14456,18
qwen3-embedding-4b,169.97953342203982,15900,14456,21
qwen3-embedding-4b,171.02946378407069,15900,14456,27
qwen3-embedding-4b,172.08065179502591,15900,14456,31
qwen3-embedding-4b,173.13466119999066,15900,14456,30
qwen3-embedding-4b,174.18558372405823,15899,14456,100
qwen3-embedding-4b,175.2379825480748,15899,14456,11
qwen3-embedding-4b,176.293967479025,15899,14456,30
qwen3-embedding-4b,177.34183506306726,15899,14456,27
qwen3-embedding-4b,178.39136920298915,15899,14456,10
qwen3-embedding-4b,179.44121632108,15899,14456,11
qwen3-embedding-4b,180.49433509702794,15899,14456,9
qwen3-embedding-4b,181.54173171904404,15899,14456,10
qwen3-embedding-4b,182.58923956903163,15899,14456,11
qwen3-embedding-4b,183.63847563101444,15899,14456,9
qwen3-embedding-4b,184.68495176604483,15899,14456,9
qwen3-embedding-4b,185.73600541008636,15899,14456,10
qwen3-embedding-4b,186.78491347806994,15899,14456,10
qwen3-embedding-4b,187.83486737904605,15900,14456,9
qwen3-embedding-4b,188.886155092041,15900,14456,10
qwen3-embedding-4b,189.93358405609615,15900,14456,9
qwen3-embedding-4b,190.987744349055,15900,14456,9
qwen3-embedding-4b,192.03455381200183,15900,14456,10
qwen3-embedding-4b,193.08541699999478,15900,14456,9
qwen3-embedding-4b,194.13495343900286,15900,14456,10
qwen3-embedding-4b,195.18446141609456,15900,14456,10
qwen3-embedding-4b,196.23435033706482,15900,14456,10
qwen3-embedding-4b,197.28159791301005,15899,14456,11
qwen3-embedding-4b,198.3300663700793,15899,14456,10
qwen3-embedding-4b,199.38063177105505,15899,14456,10
qwen3-embedding-4b,200.4271891330136,15899,14456,10
qwen3-embedding-4b,201.47692900605034,15899,14456,11
qwen3-embedding-4b,202.52689815999474,15899,14456,10
qwen3-embedding-4b,203.57712021807674,15899,14456,11
qwen3-embedding-4b,204.62611481407657,15899,14456,9
qwen3-embedding-4b,205.6757240530569,15899,14456,10
qwen3-embedding-4b,206.72710489609744,15899,14456,10
qwen3-embedding-4b,207.77697773010004,15899,14456,20
qwen3-embedding-4b,208.82841747405473,15899,14456,9
qwen3-embedding-4b,209.8765519480221,15899,14456,10
qwen3-embedding-4b,210.92635652504396,15900,14456,9
qwen3-embedding-4b,211.97386053600349,15900,14456,9
qwen3-embedding-4b,213.02399948099628,15900,14456,9
qwen3-embedding-4b,214.07554082700517,15900,14456,9
qwen3-embedding-4b,215.12294216710143,15899,14456,11
qwen3-embedding-4b,216.1730891780462,15899,14456,10
qwen3-embedding-4b,217.22337598202284,15899,14456,11
qwen3-embedding-4b,218.2734533220064,15899,14456,11
qwen3-embedding-4b,219.32282778504305,15899,14456,10
qwen3-embedding-4b,220.37251504405867,15899,14456,9
qwen3-embedding-4b,221.4218021130655,15899,14456,20
qwen3-embedding-4b,222.4711736009922,15899,14456,10
qwen3-embedding-4b,223.51696019305382,15899,14456,10
qwen3-embedding-4b,224.56861217005644,15899,14456,10
qwen3-embedding-4b,225.61974971205927,15899,14456,9
qwen3-embedding-4b,226.66934960905928,15899,14456,9
qwen3-embedding-4b,227.7203216709895,15899,14456,10
qwen3-embedding-4b,228.7706909130793,15899,14456,9
qwen3-embedding-4b,229.82027811708394,15900,14456,10
qwen3-embedding-4b,230.86815088510048,15900,14456,9
qwen3-embedding-4b,231.9211302640615,15900,14456,20
qwen3-embedding-4b,232.96987949707545,15900,14456,9
qwen3-embedding-4b,234.02222852408886,15900,14456,9
qwen3-embedding-4b,235.06926023599226,15899,14456,9
qwen3-embedding-4b,236.1191131999949,15900,14456,10
qwen3-embedding-4b,237.16716232104227,15900,14456,12
qwen3-embedding-4b,238.21593748405576,15900,14456,18
qwen3-embedding-4b,239.26656625501346,15900,14456,18
qwen3-embedding-4b,240.3167677350575,15900,14456,9
qwen3-embedding-4b,241.3673894230742,15900,14456,10
qwen3-embedding-4b,242.41905668308027,15899,14456,10
qwen3-embedding-4b,243.46656163409352,15899,14456,10
qwen3-embedding-4b,244.51754547306336,15899,14456,10
qwen3-embedding-4b,245.56748215702828,15899,14456,10
qwen3-embedding-4b,246.6182163680205,15900,14456,11
qwen3-embedding-4b,247.6669923850568,15900,14456,10
qwen3-embedding-4b,248.71678487909958,15900,14456,10
qwen3-embedding-4b,249.7652847589925,15900,14456,20
qwen3-embedding-4b,250.8133986450266,15900,14456,10
qwen3-embedding-4b,251.86054386408068,15899,14456,10
qwen3-embedding-4b,252.9075209570583,15899,14456,9
qwen3-embedding-4b,253.9571262120735,15899,14456,9
qwen3-embedding-4b,255.0064016780816,15899,14456,9
qwen3-embedding-4b,256.0576139180921,15899,14456,9
qwen3-embedding-4b,257.105756339035,15899,14456,9
qwen3-embedding-4b,258.15533520502504,15899,14456,10
qwen3-embedding-4b,259.20420797599945,15900,14456,10
qwen3-embedding-4b,260.2544317130232,15900,14456,9
qwen3-embedding-4b,261.3037463140208,15900,14456,10
qwen3-embedding-4b,262.35428942006547,15900,14456,20
qwen3-embedding-4b,263.40225796599407,15899,14456,11
qwen3-embedding-4b,264.4507253289921,15899,14456,9
qwen3-embedding-4b,265.4994937960291,15899,14456,9
qwen3-embedding-4b,266.5475475230487,15899,14456,10
qwen3-embedding-4b,267.59631520009134,15899,14456,9
qwen3-embedding-4b,268.64216644503176,15899,14456,8
qwen3-embedding-4b,269.69461777305696,15899,14456,9
qwen3-embedding-4b,270.7418962060474,15899,14456,10
qwen3-embedding-4b,271.7900912699988,15899,14456,9
qwen3-embedding-4b,272.8390079269884,15899,14456,11
qwen3-embedding-4b,273.88825941307005,15899,14456,9
qwen3-embedding-4b,274.93947871099226,15900,14456,13
qwen3-embedding-4b,275.98773195408285,15900,14456,9
qwen3-embedding-4b,277.0377263040282,15900,14456,9
qwen3-embedding-4b,278.08849165099673,15900,14456,10
qwen3-embedding-4b,279.13580997206736,15900,14456,11
qwen3-embedding-4b,280.18405746505596,15900,14456,10
qwen3-embedding-4b,281.23128282208927,15900,14456,10
qwen3-embedding-4b,282.2819533320144,15900,14456,9
qwen3-embedding-8b,0.0008224629564210773,22402,20958,9
qwen3-embedding-8b,1.0536844660528004,22401,20958,10
qwen3-embedding-8b,2.1034157469403,22401,20958,9
qwen3-embedding-8b,3.15308445005212,22401,20958,10
qwen3-embedding-8b,4.202320943004452,22401,20958,9
qwen3-embedding-8b,5.247792411944829,22401,20958,10
qwen3-embedding-8b,6.29763438005466,22407,20964,9
qwen3-embedding-8b,7.347156179021113,22408,20964,19
qwen3-embedding-8b,8.396343408967368,22408,20964,49
qwen3-embedding-8b,9.446263556019403,22408,20964,98
qwen3-embedding-8b,10.495996581041254,22408,20964,100
qwen3-embedding-8b,11.543262177030556,22408,20964,10
qwen3-embedding-8b,12.593128653010353,22407,20964,25
qwen3-embedding-8b,13.641865249956027,22407,20964,21
qwen3-embedding-8b,14.68745319894515,22407,20964,32
qwen3-embedding-8b,15.73862526495941,22407,20964,33
qwen3-embedding-8b,16.78819604695309,22407,20964,47
qwen3-embedding-8b,17.838279832038097,22407,20964,38
qwen3-embedding-8b,18.885286292992532,22407,20964,45
qwen3-embedding-8b,19.93730604997836,22407,20964,15
qwen3-embedding-8b,20.987573190010153,22407,20964,22
qwen3-embedding-8b,22.0394449000014,22407,20964,46
qwen3-embedding-8b,23.08939452294726,22407,20964,10
qwen3-embedding-8b,24.139829167048447,22407,20964,10
qwen3-embedding-8b,25.192180939018726,22407,20964,50
qwen3-embedding-8b,26.239633206976578,22407,20964,10
qwen3-embedding-8b,27.287078673951328,22408,20964,10
qwen3-embedding-8b,28.33836384501774,22408,20964,11
qwen3-embedding-8b,29.385644683032297,22408,20964,9
qwen3-embedding-8b,30.43515995296184,22408,20964,49
qwen3-embedding-8b,31.483267353032716,22408,20964,8
qwen3-embedding-8b,32.53211479098536,22408,20964,17
qwen3-embedding-8b,33.57941597804893,22407,20964,20
qwen3-embedding-8b,34.63082546298392,22407,20964,32
qwen3-embedding-8b,35.68437354103662,22407,20964,11
qwen3-embedding-8b,36.733441713033244,22407,20964,10
qwen3-embedding-8b,37.78229313995689,22407,20964,45
qwen3-embedding-8b,38.83174443198368,22407,20964,44
qwen3-embedding-8b,39.885245471959934,22407,20964,22
qwen3-embedding-8b,40.93552004802041,22407,20964,11
qwen3-embedding-8b,41.988143251976,22407,20964,9
qwen3-embedding-8b,43.0368201819947,22407,20964,10
qwen3-embedding-8b,44.08848241297528,22407,20964,9
qwen3-embedding-8b,45.136109282961115,22407,20964,10
qwen3-embedding-8b,46.18326555099338,22407,20964,9
qwen3-embedding-8b,47.23178747098427,22407,20964,9
qwen3-embedding-8b,48.278279792983085,22407,20964,10
qwen3-embedding-8b,49.32817834604066,22407,20964,10
qwen3-embedding-8b,50.374285074998625,22407,20964,9
qwen3-embedding-8b,51.424698394024745,22407,20964,10
qwen3-embedding-8b,52.47434549604077,22407,20964,9
qwen3-embedding-8b,53.520211954950355,22407,20964,9
qwen3-embedding-8b,54.56851266103331,22407,20964,10
qwen3-embedding-8b,55.617993091000244,22407,20964,9
qwen3-embedding-8b,56.668921628035605,22407,20964,10
qwen3-embedding-8b,57.71857818798162,22407,20964,9
qwen3-embedding-8b,58.76384376094211,22407,20964,10
qwen3-embedding-8b,59.81259941100143,22407,20964,9
qwen3-embedding-8b,60.859732968965545,22407,20964,10
qwen3-embedding-8b,61.905900725047104,22407,20964,9
qwen3-embedding-8b,62.9556986510288,22407,20964,11
qwen3-embedding-8b,64.00418850395363,22407,20964,9
qwen3-embedding-8b,65.05252093099989,22407,20964,11
qwen3-embedding-8b,66.10107478499413,22407,20964,10
qwen3-embedding-8b,67.15086592896841,22407,20964,16
qwen3-embedding-8b,68.20200062496588,22407,20964,9
qwen3-embedding-8b,69.2498343270272,22407,20964,10
qwen3-embedding-8b,70.29838836204726,22407,20964,9
qwen3-embedding-8b,71.34818695101421,22407,20964,9
qwen3-embedding-8b,72.39864701102488,22407,20964,10
qwen3-embedding-8b,73.44719541596714,22408,20964,27
qwen3-embedding-8b,74.49417831294704,22408,20964,9
qwen3-embedding-8b,75.54451490205247,22408,20964,9
qwen3-embedding-8b,76.59241024102084,22408,20964,10
qwen3-embedding-8b,77.6421714409953,22408,20964,10
qwen3-embedding-8b,78.69102160295006,22407,20964,10
qwen3-embedding-8b,79.73721896694042,22407,20964,10
qwen3-embedding-8b,80.78771852294449,22407,20964,13
qwen3-embedding-8b,81.83782856795006,22407,20964,9
qwen3-embedding-8b,82.88632847298868,22407,20964,27
qwen3-embedding-8b,83.93548968899995,22407,20964,9
qwen3-embedding-8b,84.98341231094673,22407,20964,10
qwen3-embedding-8b,86.03220959403552,22407,20964,9
qwen3-embedding-8b,87.08012826903723,22407,20964,10
qwen3-embedding-8b,88.12946949305478,22407,20964,9
qwen3-embedding-8b,89.17878599104006,22407,20964,9
qwen3-embedding-8b,90.22987393196672,22407,20964,9
qwen3-embedding-8b,91.28066129004583,22407,20964,10
qwen3-embedding-8b,92.33101598604117,22407,20964,10
qwen3-embedding-8b,93.38459000200965,22407,20964,10
qwen3-embedding-8b,94.43437155394349,22407,20964,10
qwen3-embedding-8b,95.4850886700442,22407,20964,10
qwen3-embedding-8b,96.53572429402266,22408,20964,9
qwen3-embedding-8b,97.58359203499276,22408,20964,9
qwen3-embedding-8b,98.63389734004159,22408,20964,10
qwen3-embedding-8b,99.6861664489843,22408,20964,11
qwen3-embedding-8b,100.73494650202338,22408,20964,10
qwen3-embedding-8b,101.78894936502911,22408,20964,10
qwen3-embedding-8b,102.83653701096773,22408,20964,10
qwen3-embedding-8b,103.88724162604194,22408,20964,10
qwen3-embedding-8b,104.93576194194611,22408,20964,11
qwen3-embedding-8b,105.98535162501503,22408,20964,10
qwen3-embedding-8b,107.03450384794269,22407,20964,10
qwen3-embedding-8b,108.0808932769578,22407,20964,9
qwen3-embedding-8b,109.13132179400418,22407,20964,26
qwen3-embedding-8b,110.17997372802347,22407,20964,9
qwen3-embedding-8b,111.22858619899489,22407,20964,11
qwen3-embedding-8b,112.2791380980052,22408,20964,9
qwen3-embedding-8b,113.32918812602293,22408,20964,9
qwen3-embedding-8b,114.37750958104152,22408,20964,9
qwen3-embedding-8b,115.42709619994275,22408,20964,9
qwen3-embedding-8b,116.47587428195402,22407,20964,9
qwen3-embedding-8b,117.52535417093895,22407,20964,9
qwen3-embedding-8b,118.57316597097088,22407,20964,10
qwen3-embedding-8b,119.62120482698083,22407,20964,10
qwen3-embedding-8b,120.67148408596404,22407,20964,10
qwen3-embedding-8b,121.72256864595693,22407,20964,10
qwen3-embedding-8b,122.77276865695603,22407,20964,10
qwen3-embedding-8b,123.82230971194804,22407,20964,10
qwen3-embedding-8b,124.87159389501903,22407,20964,11
qwen3-embedding-8b,125.92134819901548,22407,20964,9
qwen3-embedding-8b,126.97090078599285,22407,20964,28
qwen3-embedding-8b,128.01622646301985,22408,20964,11
qwen3-embedding-8b,129.06281561998185,22408,20964,11
qwen3-embedding-8b,130.11345794203226,22408,20964,10
qwen3-embedding-8b,131.1615230590105,22408,20964,9
qwen3-embedding-8b,132.20889605698176,22408,20964,9
qwen3-embedding-8b,133.25918517704122,22407,20964,10
qwen3-embedding-8b,134.3093380909413,22407,20964,10
qwen3-embedding-8b,135.3589699580334,22407,20964,27
qwen3-embedding-8b,136.41171382402536,22407,20964,11
qwen3-embedding-8b,137.46008965396322,22408,20964,10
qwen3-embedding-8b,138.51094738196116,22408,20964,11
qwen3-embedding-8b,139.56078938301653,22408,20964,9
qwen3-embedding-8b,140.61094857996795,22408,20964,9
qwen3-embedding-8b,141.6598781410139,22408,20964,10
qwen3-embedding-8b,142.71156037494075,22407,20964,11
qwen3-embedding-8b,143.76435983600095,22407,20964,10
qwen3-embedding-8b,144.813554894994,22407,20964,11
qwen3-embedding-8b,145.86197054199874,22407,20964,9
qwen3-embedding-8b,146.9124521049671,22407,20964,10
qwen3-embedding-8b,147.96205597103108,22407,20964,11
qwen3-embedding-8b,149.01018136297353,22407,20964,11
qwen3-embedding-8b,150.05952476104721,22407,20964,10
qwen3-embedding-8b,151.10991931101307,22407,20964,10
qwen3-embedding-8b,152.16132763400674,22407,20964,9
qwen3-embedding-8b,153.2110631680116,22407,20964,9
qwen3-embedding-8b,154.25824100302998,22407,20964,9
qwen3-embedding-8b,155.30889427894726,22407,20964,10
qwen3-embedding-8b,156.35847864998505,22407,20964,10
qwen3-embedding-8b,157.4086587689817,22407,20964,9
qwen3-embedding-8b,158.4578293239465,22407,20964,10
qwen3-embedding-8b,159.50977631798014,22408,20964,9
qwen3-embedding-8b,160.55904726102017,22408,20964,9
qwen3-embedding-8b,161.6072014500387,22408,20964,9
qwen3-embedding-8b,162.65804709796794,22408,20964,9
qwen3-embedding-8b,163.7061376570491,22408,20964,10
qwen3-embedding-8b,164.7552857809933,22407,20964,9
qwen3-embedding-8b,165.8030795539962,22407,20964,9
qwen3-embedding-8b,166.85438962397166,22407,20964,10
qwen3-embedding-8b,167.90355905797333,22407,20964,9
qwen3-embedding-8b,168.9504749539774,22407,20964,9
qwen3-embedding-8b,169.9996315339813,22407,20964,10
qwen3-embedding-8b,171.0485629220493,22407,20964,10
qwen3-embedding-8b,172.09915126895066,22407,20964,9
qwen3-embedding-8b,173.14961165597197,22407,20964,9
qwen3-embedding-8b,174.19829938700423,22407,20964,9
qwen3-embedding-8b,175.24841157102492,22407,20964,9
qwen3-embedding-8b,176.2957233809866,22407,20964,39
qwen3-embedding-8b,177.34545778599568,22407,20964,49
qwen3-embedding-8b,178.39469378697686,22407,20964,13
qwen3-embedding-8b,179.4453225909965,22407,20964,98
qwen3-embedding-8b,180.49362875695806,22436,20964,10
qwen3-embedding-8b,181.5433309120126,22436,20964,4
qwen3-embedding-8b,182.59285853104666,22436,20964,9
qwen3-embedding-8b,183.64343216095585,22436,20964,24
qwen3-embedding-8b,184.69392203504685,22435,20964,45
qwen3-embedding-8b,185.74363300797995,22435,20964,42
qwen3-embedding-8b,186.79088653996587,22435,20964,22
qwen3-embedding-8b,187.8406052669743,22435,20964,43
qwen3-embedding-8b,188.8935706759803,22435,20964,8
qwen3-embedding-8b,189.94441115797963,22435,20964,27
qwen3-embedding-8b,190.99395898601506,22435,20964,47
qwen3-embedding-8b,192.04360518802423,22435,20964,40
qwen3-embedding-8b,193.09502114995848,22435,20964,11
qwen3-embedding-8b,194.14173896797,22435,20964,9
qwen3-embedding-8b,195.1922903190134,22435,20964,9
qwen3-embedding-8b,196.24239411996678,22435,20964,57
qwen3-embedding-8b,197.29155964998063,22435,20964,93
qwen3-embedding-8b,198.3405222609872,22435,20964,9
qwen3-embedding-8b,199.3911654939875,22435,20964,36
qwen3-embedding-8b,200.44614112598356,22435,20964,11
qwen3-embedding-8b,201.50009662401862,22435,20964,10
qwen3-embedding-8b,202.5491758340504,22435,20964,10
qwen3-embedding-8b,203.60131395200733,22435,20964,10
qwen3-embedding-8b,204.6535402269801,22435,20964,28
qwen3-embedding-8b,205.70492028305307,22436,20964,12
qwen3-embedding-8b,206.75489823997486,22436,20964,12
qwen3-embedding-8b,207.8067571950378,22436,20964,100
qwen3-embedding-8b,208.85473976796493,22436,20964,100
qwen3-embedding-8b,209.90260612301063,22436,20964,37
qwen3-embedding-8b,210.95541938999668,22435,20964,10
qwen3-embedding-8b,212.0038917020429,22435,20964,9
qwen3-embedding-8b,213.05535941396374,22435,20964,16
qwen3-embedding-8b,214.10452190204524,22435,20964,38
qwen3-embedding-8b,215.1550448719645,22435,20964,9
qwen3-embedding-8b,216.20112238102593,22435,20964,9
qwen3-embedding-8b,217.25228304800112,22435,20964,9
qwen3-embedding-8b,218.3020304030506,22435,20964,9
qwen3-embedding-8b,219.35213389596902,22435,20964,9
qwen3-embedding-8b,220.39982337097172,22435,20964,9
qwen3-embedding-8b,221.44767205393873,22435,20964,9
qwen3-embedding-8b,222.49841486802325,22435,20964,9
qwen3-embedding-8b,223.546424612985,22435,20964,9
qwen3-embedding-8b,224.5956227889983,22435,20964,10
qwen3-embedding-8b,225.64453756297007,22435,20964,9
qwen3-embedding-8b,226.69353981199674,22435,20964,10
qwen3-embedding-8b,227.74483282794245,22435,20964,9
qwen3-embedding-8b,228.7912617890397,22435,20964,10
qwen3-embedding-8b,229.84347751596943,22435,20964,10
qwen3-embedding-8b,230.89205937599763,22435,20964,9
qwen3-embedding-8b,231.94061198201962,22435,20964,8
qwen3-embedding-8b,232.9889767350396,22435,20964,10
qwen3-embedding-8b,234.03741244098637,22435,20964,9
qwen3-embedding-8b,235.0881480219541,22435,20964,10
qwen3-embedding-8b,236.13509535696357,22435,20964,10
qwen3-embedding-8b,237.1829582490027,22435,20964,9
qwen3-embedding-8b,238.23176045296714,22435,20964,9
qwen3-embedding-8b,239.2796547539765,22435,20964,9
qwen3-embedding-8b,240.33028567000292,22435,20964,9
qwen3-embedding-8b,241.37837295304053,22435,20964,9
qwen3-embedding-8b,242.42891845898703,22435,20964,9
qwen3-embedding-8b,243.47869728598744,22435,20964,9
qwen3-embedding-8b,244.5290523750009,22435,20964,10
qwen3-embedding-8b,245.58073484397028,22435,20964,10
qwen3-embedding-8b,246.63088046002667,22435,20964,11
qwen3-embedding-8b,247.6797907189466,22435,20964,10
qwen3-embedding-8b,248.7273186140228,22435,20964,10
qwen3-embedding-8b,249.78012443101034,22435,20964,11
qwen3-embedding-8b,250.8292388030095,22435,20964,10
qwen3-embedding-8b,251.87799089495093,22435,20964,19
qwen3-embedding-8b,252.92756984801963,22435,20964,9
qwen3-embedding-8b,253.9764699479565,22435,20964,9
qwen3-embedding-8b,255.0255243779393,22435,20964,10
qwen3-embedding-8b,256.07300338195637,22435,20964,9
qwen3-embedding-8b,257.1227943140548,22435,20964,9
qwen3-embedding-8b,258.17236150603276,22435,20964,10
qwen3-embedding-8b,259.2225921630161,22435,20964,26
qwen3-embedding-8b,260.2731205089949,22435,20964,24
qwen3-embedding-8b,261.3231123780133,22435,20964,8
qwen3-embedding-8b,262.37323307897896,22435,20964,9
qwen3-embedding-8b,263.42402080097236,22435,20964,9
qwen3-embedding-8b,264.4738516890211,22435,20964,9
qwen3-embedding-8b,265.52308701898437,22436,20964,10
qwen3-embedding-8b,266.5746153820073,22436,20964,9
qwen3-embedding-8b,267.6227833100129,22436,20964,9
qwen3-embedding-8b,268.6756202679826,22436,20964,11
qwen3-embedding-8b,269.725051837042,22436,20964,13
qwen3-embedding-8b,270.7736033049878,22436,20964,10
qwen3-embedding-8b,271.8208581999643,22436,20964,8
qwen3-embedding-8b,272.86776888999157,22436,20964,10
qwen3-embedding-8b,273.9179764549481,22436,20964,9
qwen3-embedding-8b,274.9677998200059,22435,20964,9
qwen3-embedding-8b,276.0181768940529,22435,20964,9
qwen3-embedding-8b,277.0683039079886,22435,20964,10
qwen3-embedding-8b,278.1152597130276,22435,20964,9
qwen3-embedding-8b,279.16631660296116,22435,20964,9
qwen3-embedding-8b,280.2158536709612,22436,20964,16
qwen3-embedding-8b,281.26168255205266,22436,20964,27
qwen3-embedding-8b,282.3101965909591,22436,20964,15
qwen3-embedding-8b,283.3602338989731,22436,20964,27
qwen3-embedding-8b,284.41039776301477,22436,20964,26
qwen3-embedding-8b,285.4596565599786,22435,20964,9
qwen3-embedding-8b,286.51112676505,22435,20964,9
qwen3-embedding-8b,287.5616958210012,22405,20964,9
qwen3-embedding-8b,288.61020704498515,22405,20964,9
qwen3-embedding-8b,289.6602179829497,22405,20964,9
qwen3-embedding-8b,290.7089284620015,22405,20964,10
qwen3-embedding-8b,291.76031556201633,22405,20964,9
qwen3-embedding-8b,292.8093247819925,22405,20964,10
qwen3-embedding-8b,293.85701780195814,22405,20964,9
qwen3-embedding-8b,294.9089379629586,22405,20964,9
qwen3-embedding-8b,295.9570620720042,22405,20964,9
qwen3-embedding-8b,297.00631194293965,22405,20964,11
qwen3-embedding-8b,298.05604398902506,22405,20964,10
qwen3-embedding-8b,299.1055793960113,22405,20964,10
qwen3-embedding-8b,300.15259242104366,22405,20964,9
qwen3-embedding-8b,301.203695490025,22405,20964,10
qwen3-embedding-8b,302.25266985502094,22405,20964,9
qwen3-embedding-8b,303.30305333295837,22405,20964,9
qwen3-embedding-8b,304.3516479959944,22405,20964,9
qwen3-embedding-8b,305.40036128100473,22405,20964,27
qwen3-embedding-8b,306.4469206259819,22405,20964,27
qwen3-embedding-8b,307.49739227001555,22405,20964,26
qwen3-embedding-8b,308.54587862000335,22405,20964,9
qwen3-embedding-8b,309.5960910889553,22405,20964,9
qwen3-embedding-8b,310.64453739405144,22405,20964,10
qwen3-embedding-8b,311.6933141190093,22405,20964,10
qwen3-embedding-8b,312.74172772304155,22405,20964,11
qwen3-embedding-8b,313.79100753203966,22405,20964,9
qwen3-embedding-8b,314.83881006995216,22405,20964,10
qwen3-embedding-8b,315.89009714499116,22405,20964,9
qwen3-embedding-8b,316.9417779400246,22405,20964,10
qwen3-embedding-8b,317.9953499319963,22405,20964,10
qwen3-embedding-8b,319.0433643880533,22405,20964,10
qwen3-embedding-8b,320.0928776060464,22405,20964,9
qwen3-embedding-8b,321.14363440696616,22405,20964,9
qwen3-embedding-8b,322.193020396051,22405,20964,9
qwen3-embedding-8b,323.24347989994567,22405,20964,9
qwen3-embedding-8b,324.2905596829951,22405,20964,9
qwen3-embedding-8b,325.33787021797616,22405,20964,9
qwen3-embedding-8b,326.38955240603536,22405,20964,9
qwen3-embedding-8b,327.4375499410089,22405,20964,9
qwen3-embedding-8b,328.4876607309561,22405,20964,9
qwen3-embedding-8b,329.5374229870504,22405,20964,9
qwen3-embedding-8b,330.5882714310428,22405,20964,9
qwen3-embedding-8b,331.63720393995754,22405,20964,9
qwen3-embedding-8b,332.6839866969967,22405,20964,10
qwen3-embedding-8b,333.7347153959563,22405,20964,9
qwen3-embedding-8b,334.78238257195335,22405,20964,9
qwen3-embedding-8b,335.83304867497645,22405,20964,11
qwen3-embedding-8b,336.8818136709742,22405,20964,10
qwen3-embedding-8b,337.93078861001413,22405,20964,10
qwen3-embedding-8b,338.9831750909798,22405,20964,12
qwen3-embedding-8b,340.030881711049,22405,20964,8
qwen3-embedding-8b,341.07830368797295,22405,20964,10
qwen3-embedding-8b,342.12838588503655,22405,20964,10
qwen3-embedding-8b,343.17959319404326,22405,20964,9
qwen3-embedding-8b,344.22863307595253,22405,20964,9
qwen3-embedding-8b,345.2763247990515,22405,20964,8
qwen3-embedding-8b,346.32756651204545,22405,20964,9
qwen3-embedding-8b,347.37744411698077,22405,20964,9
qwen3-embedding-8b,348.4285104710143,22405,20964,9
qwen3-embedding-8b,349.478293719003,22405,20964,9
